<?xml version="1.0" encoding="UTF-8"?><EPDC xmlns=""><EPDCId>198813_3.1.4_135</EPDCId><Name>Chape Fibrée 50 mm - VLG</Name><ConfiguratorName>Betie</ConfiguratorName><ConfiguratorCode>1001</ConfiguratorCode><ConfiguratorVersion>3.1.4_135</ConfiguratorVersion><PublicAddress>www.betie.fr</PublicAddress><ParentDataBase>0</ParentDataBase><ParentEPDId>0</ParentEPDId><TLD>50</TLD><Quantity>1</Quantity><UnitId>2</UnitId><FunctionalUnit>Il s'agit d'une chape de 0,05 mètre d'épaisseur, dont la DVT est de 50 ans.</FunctionalUnit><Standard>2</Standard><ProductionDate>2024-01-26</ProductionDate><Parameters><Parameter><ParameterId>1</ParameterId><Name>Classe de résistance</Name><Value>20</Value><ParamUnitId>39</ParamUnitId></Parameter><Parameter><ParameterId>2</ParameterId><Name>Classe d'exposition</Name><Value>XC1</Value><ParamUnitId>27</ParamUnitId></Parameter><Parameter><ParameterId>3</ParameterId><Name>Type de ciment</Name><Value>CEM I</Value><ParamUnitId>27</ParamUnitId></Parameter><Parameter><ParameterId>6</ParameterId><Name>Dmax</Name><Value>20</Value><ParamUnitId>43</ParamUnitId></Parameter><Parameter><ParameterId>7</ParameterId><Name>Consistance</Name><Value>S3</Value><ParamUnitId>27</ParamUnitId></Parameter><Parameter><ParameterId>8</ParameterId><Name>Type de gravier majoritaire</Name><Value>Graviers Massifs</Value><ParamUnitId>27</ParamUnitId></Parameter><Parameter><ParameterId>9</ParameterId><Name>Type de sable majoritaire</Name><Value>Sables Massifs</Value><ParamUnitId>27</ParamUnitId></Parameter><Parameter><ParameterId>10</ParameterId><Name>Type d'eau consommée en centrale</Name><Value>Eau de pompage</Value><ParamUnitId>27</ParamUnitId></Parameter><Parameter><ParameterId>11</ParameterId><Name>Présence de fibres</Name><Value>Oui</Value><ParamUnitId>27</ParamUnitId></Parameter><Parameter><ParameterId>110</ParameterId><Name>Transport du béton par route</Name><Value>0.0</Value><ParamUnitId>37</ParamUnitId></Parameter><Parameter><ParameterId>111</ParameterId><Name>Type de projet</Name><Value>Projet identifié</Value><ParamUnitId>27</ParamUnitId></Parameter><Parameter><ParameterId>112</ParameterId><Name>Type d'ouvrage</Name><Value>Chape</Value><ParamUnitId>27</ParamUnitId></Parameter><Parameter><ParameterId>113</ParameterId><Name>Epaisseur</Name><Value>0.05</Value><ParamUnitId>5</ParamUnitId></Parameter><Parameter><ParameterId>117</ParameterId><Name>Déversement direct</Name><Value>0.0</Value><ParamUnitId>12</ParamUnitId></Parameter><Parameter><ParameterId>118</ParameterId><Name>Benne à béton</Name><Value>0.0</Value><ParamUnitId>12</ParamUnitId></Parameter><Parameter><ParameterId>119</ParameterId><Name>Pompage/Tapis</Name><Value>100.0</Value><ParamUnitId>12</ParamUnitId></Parameter><Parameter><ParameterId>120</ParameterId><Name>Quantité d'acier pour les armatures</Name><Value>0.0</Value><ParamUnitId>3</ParamUnitId></Parameter></Parameters><Indicators><Indicator IndicatorCode="IND19"><Phases><Phase PhaseCode="PH14">1.0608</Phase><Phase PhaseCode="PH28">-5.3</Phase><Phase PhaseCode="PH27">0.51931</Phase><Phase PhaseCode="PH11">18.356</Phase><Phase PhaseCode="PH12">0.36635</Phase><Phase PhaseCode="PH13">0.69446</Phase><Phase PhaseCode="PH15">-5.3</Phase><Phase PhaseCode="PH22">0.72572</Phase><Phase PhaseCode="PH23">0.26886</Phase><Phase PhaseCode="PH24">0</Phase><Phase PhaseCode="PH25">-0.47527</Phase><Phase PhaseCode="PH26">-0.18875</Phase><Phase PhaseCode="PH99">14.636</Phase></Phases></Indicator><Indicator IndicatorCode="IND20"><Phases><Phase PhaseCode="PH14">3.8364E-7</Phase><Phase PhaseCode="PH28">0.0</Phase><Phase PhaseCode="PH27">3.3135E-7</Phase><Phase PhaseCode="PH11">8.2416E-7</Phase><Phase PhaseCode="PH12">2.6586E-7</Phase><Phase PhaseCode="PH13">1.1778E-7</Phase><Phase PhaseCode="PH15">0.0</Phase><Phase PhaseCode="PH22">1.3624E-7</Phase><Phase PhaseCode="PH23">1.9511E-7</Phase><Phase PhaseCode="PH24">0</Phase><Phase PhaseCode="PH25">0.0</Phase><Phase PhaseCode="PH26">-2.1969E-8</Phase><Phase PhaseCode="PH99">1.5392E-6</Phase></Phases></Indicator><Indicator IndicatorCode="IND21"><Phases><Phase PhaseCode="PH14">0.0037975</Phase><Phase PhaseCode="PH28">0.0</Phase><Phase PhaseCode="PH27">0.0068323</Phase><Phase PhaseCode="PH11">0.042135</Phase><Phase PhaseCode="PH12">0.0016822</Phase><Phase PhaseCode="PH13">0.0021153</Phase><Phase PhaseCode="PH15">0.0</Phase><Phase PhaseCode="PH22">0.0055978</Phase><Phase PhaseCode="PH23">0.0012345</Phase><Phase PhaseCode="PH24">0</Phase><Phase PhaseCode="PH25">0.0</Phase><Phase PhaseCode="PH26">-0.0010042</Phase><Phase PhaseCode="PH99">0.052765</Phase></Phases></Indicator><Indicator IndicatorCode="IND22"><Phases><Phase PhaseCode="PH14">7.6916E-4</Phase><Phase PhaseCode="PH28">0.0</Phase><Phase PhaseCode="PH27">0.0014995</Phase><Phase PhaseCode="PH11">0.0059864</Phase><Phase PhaseCode="PH12">3.9536E-4</Phase><Phase PhaseCode="PH13">3.738E-4</Phase><Phase PhaseCode="PH15">0.0</Phase><Phase PhaseCode="PH22">0.0012091</Phase><Phase PhaseCode="PH23">2.9015E-4</Phase><Phase PhaseCode="PH24">0</Phase><Phase PhaseCode="PH25">2.427E-7</Phase><Phase PhaseCode="PH26">-2.9693E-4</Phase><Phase PhaseCode="PH99">0.0082551</Phase></Phases></Indicator><Indicator IndicatorCode="IND23"><Phases><Phase PhaseCode="PH14">4.1928E-4</Phase><Phase PhaseCode="PH28">0.0</Phase><Phase PhaseCode="PH27">3.2617E-4</Phase><Phase PhaseCode="PH11">0.002174</Phase><Phase PhaseCode="PH12">2.6229E-4</Phase><Phase PhaseCode="PH13">1.5699E-4</Phase><Phase PhaseCode="PH15">0.0</Phase><Phase PhaseCode="PH22">1.3368E-4</Phase><Phase PhaseCode="PH23">1.9249E-4</Phase><Phase PhaseCode="PH24">0</Phase><Phase PhaseCode="PH25">0.0</Phase><Phase PhaseCode="PH26">-5.4482E-5</Phase><Phase PhaseCode="PH99">0.0029194</Phase></Phases></Indicator><Indicator IndicatorCode="IND24"><Phases><Phase PhaseCode="PH14">5.5057E-8</Phase><Phase PhaseCode="PH28">0.0</Phase><Phase PhaseCode="PH27">2.7927E-9</Phase><Phase PhaseCode="PH11">1.8079E-6</Phase><Phase PhaseCode="PH12">5.1965E-10</Phase><Phase PhaseCode="PH13">5.4537E-8</Phase><Phase PhaseCode="PH15">0.0</Phase><Phase PhaseCode="PH22">2.4113E-9</Phase><Phase PhaseCode="PH23">3.8136E-10</Phase><Phase PhaseCode="PH24">0</Phase><Phase PhaseCode="PH25">0.0</Phase><Phase PhaseCode="PH26">-8.9409E-7</Phase><Phase PhaseCode="PH99">1.8657E-6</Phase></Phases></Indicator><Indicator IndicatorCode="IND25"><Phases><Phase PhaseCode="PH14">10.145</Phase><Phase PhaseCode="PH28">0.0</Phase><Phase PhaseCode="PH27">13.817</Phase><Phase PhaseCode="PH11">112.72</Phase><Phase PhaseCode="PH12">4.682</Phase><Phase PhaseCode="PH13">5.4629</Phase><Phase PhaseCode="PH15">0.0</Phase><Phase PhaseCode="PH22">10.381</Phase><Phase PhaseCode="PH23">3.436</Phase><Phase PhaseCode="PH24">0</Phase><Phase PhaseCode="PH25">0.0</Phase><Phase PhaseCode="PH26">-2.6314</Phase><Phase PhaseCode="PH99">136.68</Phase></Phases></Indicator><Indicator IndicatorCode="IND27"><Phases><Phase PhaseCode="PH14">4.8514</Phase><Phase PhaseCode="PH28">0.0</Phase><Phase PhaseCode="PH27">80.712</Phase><Phase PhaseCode="PH11">8.145</Phase><Phase PhaseCode="PH12">0.1044</Phase><Phase PhaseCode="PH13">4.747</Phase><Phase PhaseCode="PH15">0.0</Phase><Phase PhaseCode="PH22">80.635</Phase><Phase PhaseCode="PH23">0.076615</Phase><Phase PhaseCode="PH24">0</Phase><Phase PhaseCode="PH25">0.0</Phase><Phase PhaseCode="PH26">-0.12171</Phase><Phase PhaseCode="PH99">93.708</Phase></Phases></Indicator><Indicator IndicatorCode="IND26"><Phases><Phase PhaseCode="PH14">49.688</Phase><Phase PhaseCode="PH28">0.0</Phase><Phase PhaseCode="PH27">17.415</Phase><Phase PhaseCode="PH11">626.79</Phase><Phase PhaseCode="PH12">23.357</Phase><Phase PhaseCode="PH13">26.331</Phase><Phase PhaseCode="PH15">0.0</Phase><Phase PhaseCode="PH22">0.27353</Phase><Phase PhaseCode="PH23">17.141</Phase><Phase PhaseCode="PH24">0</Phase><Phase PhaseCode="PH25">0.0</Phase><Phase PhaseCode="PH26">-121.51</Phase><Phase PhaseCode="PH99">693.89</Phase></Phases></Indicator><Indicator IndicatorCode="IND28"><Phases><Phase PhaseCode="PH14">0.12426</Phase><Phase PhaseCode="PH28">0.0</Phase><Phase PhaseCode="PH27">0.022196</Phase><Phase PhaseCode="PH11">3.9883</Phase><Phase PhaseCode="PH12">0.0026398</Phase><Phase PhaseCode="PH13">0.12162</Phase><Phase PhaseCode="PH15">0.0</Phase><Phase PhaseCode="PH22">0.020259</Phase><Phase PhaseCode="PH23">0.0019373</Phase><Phase PhaseCode="PH24">0</Phase><Phase PhaseCode="PH25">0.0</Phase><Phase PhaseCode="PH26">-0.22889</Phase><Phase PhaseCode="PH99">4.1348</Phase></Phases></Indicator><Indicator IndicatorCode="IND29"><Phases><Phase PhaseCode="PH14">1.3712E-5</Phase><Phase PhaseCode="PH28">0.0</Phase><Phase PhaseCode="PH27">0.0</Phase><Phase PhaseCode="PH11">4.5705E-4</Phase><Phase PhaseCode="PH12">0.0</Phase><Phase PhaseCode="PH13">1.3712E-5</Phase><Phase PhaseCode="PH15">0.0</Phase><Phase PhaseCode="PH22">0.0</Phase><Phase PhaseCode="PH23">0.0</Phase><Phase PhaseCode="PH24">0</Phase><Phase PhaseCode="PH25">0.0</Phase><Phase PhaseCode="PH26">0.0</Phase><Phase PhaseCode="PH99">4.7076E-4</Phase></Phases></Indicator><Indicator IndicatorCode="IND30"><Phases><Phase PhaseCode="PH14">0.12427</Phase><Phase PhaseCode="PH28">0.0</Phase><Phase PhaseCode="PH27">0.022196</Phase><Phase PhaseCode="PH11">3.9887</Phase><Phase PhaseCode="PH12">0.0026398</Phase><Phase PhaseCode="PH13">0.12163</Phase><Phase PhaseCode="PH15">0.0</Phase><Phase PhaseCode="PH22">0.020259</Phase><Phase PhaseCode="PH23">0.0019373</Phase><Phase PhaseCode="PH24">0</Phase><Phase PhaseCode="PH25">0.0</Phase><Phase PhaseCode="PH26">-0.22889</Phase><Phase PhaseCode="PH99">4.1352</Phase></Phases></Indicator><Indicator IndicatorCode="IND31"><Phases><Phase PhaseCode="PH14">12.243</Phase><Phase PhaseCode="PH28">0.0</Phase><Phase PhaseCode="PH27">14.77</Phase><Phase PhaseCode="PH11">177.65</Phase><Phase PhaseCode="PH12">4.7579</Phase><Phase PhaseCode="PH13">7.4849</Phase><Phase PhaseCode="PH15">0.0</Phase><Phase PhaseCode="PH22">11.278</Phase><Phase PhaseCode="PH23">3.4917</Phase><Phase PhaseCode="PH24">0</Phase><Phase PhaseCode="PH25">0.0</Phase><Phase PhaseCode="PH26">-5.8916</Phase><Phase PhaseCode="PH99">204.66</Phase></Phases></Indicator><Indicator IndicatorCode="IND32"><Phases><Phase PhaseCode="PH14">0.029091</Phase><Phase PhaseCode="PH28">0.0</Phase><Phase PhaseCode="PH27">0.0</Phase><Phase PhaseCode="PH11">0.96971</Phase><Phase PhaseCode="PH12">0.0</Phase><Phase PhaseCode="PH13">0.029091</Phase><Phase PhaseCode="PH15">0.0</Phase><Phase PhaseCode="PH22">0.0</Phase><Phase PhaseCode="PH23">0.0</Phase><Phase PhaseCode="PH24">0</Phase><Phase PhaseCode="PH25">0.0</Phase><Phase PhaseCode="PH26">0.0016164</Phase><Phase PhaseCode="PH99">0.9988</Phase></Phases></Indicator><Indicator IndicatorCode="IND33"><Phases><Phase PhaseCode="PH14">12.272</Phase><Phase PhaseCode="PH28">0.0</Phase><Phase PhaseCode="PH27">14.77</Phase><Phase PhaseCode="PH11">178.62</Phase><Phase PhaseCode="PH12">4.7579</Phase><Phase PhaseCode="PH13">7.514</Phase><Phase PhaseCode="PH15">0.0</Phase><Phase PhaseCode="PH22">11.278</Phase><Phase PhaseCode="PH23">3.4917</Phase><Phase PhaseCode="PH24">0</Phase><Phase PhaseCode="PH25">0.0</Phase><Phase PhaseCode="PH26">-5.89</Phase><Phase PhaseCode="PH99">205.66</Phase></Phases></Indicator><Indicator IndicatorCode="IND34"><Phases><Phase PhaseCode="PH14">0.022385</Phase><Phase PhaseCode="PH28">0.0</Phase><Phase PhaseCode="PH27">5.1458E-8</Phase><Phase PhaseCode="PH11">0.74616</Phase><Phase PhaseCode="PH12">7.0118E-8</Phase><Phase PhaseCode="PH13">0.022385</Phase><Phase PhaseCode="PH15">0.0</Phase><Phase PhaseCode="PH22">0.0</Phase><Phase PhaseCode="PH23">5.1458E-8</Phase><Phase PhaseCode="PH24">0</Phase><Phase PhaseCode="PH25">0.0</Phase><Phase PhaseCode="PH26">-0.0064065</Phase><Phase PhaseCode="PH99">0.76855</Phase></Phases></Indicator><Indicator IndicatorCode="IND35"><Phases><Phase PhaseCode="PH14">0.33023</Phase><Phase PhaseCode="PH28">0.0</Phase><Phase PhaseCode="PH27">0.0</Phase><Phase PhaseCode="PH11">11.008</Phase><Phase PhaseCode="PH12">0.0</Phase><Phase PhaseCode="PH13">0.33023</Phase><Phase PhaseCode="PH15">0.0</Phase><Phase PhaseCode="PH22">0.0</Phase><Phase PhaseCode="PH23">0.0</Phase><Phase PhaseCode="PH24">0</Phase><Phase PhaseCode="PH25">0.0</Phase><Phase PhaseCode="PH26">0.0</Phase><Phase PhaseCode="PH99">11.338</Phase></Phases></Indicator><Indicator IndicatorCode="IND36"><Phases><Phase PhaseCode="PH14">0.48833</Phase><Phase PhaseCode="PH28">0.0</Phase><Phase PhaseCode="PH27">0.0</Phase><Phase PhaseCode="PH11">16.278</Phase><Phase PhaseCode="PH12">0.0</Phase><Phase PhaseCode="PH13">0.48833</Phase><Phase PhaseCode="PH15">0.0</Phase><Phase PhaseCode="PH22">0.0</Phase><Phase PhaseCode="PH23">0.0</Phase><Phase PhaseCode="PH24">0</Phase><Phase PhaseCode="PH25">0.0</Phase><Phase PhaseCode="PH26">0.0</Phase><Phase PhaseCode="PH99">16.766</Phase></Phases></Indicator><Indicator IndicatorCode="IND37"><Phases><Phase PhaseCode="PH14">0.0025339</Phase><Phase PhaseCode="PH28">0.0</Phase><Phase PhaseCode="PH27">9.8412E-4</Phase><Phase PhaseCode="PH11">0.062845</Phase><Phase PhaseCode="PH12">4.6368E-4</Phase><Phase PhaseCode="PH13">0.0020702</Phase><Phase PhaseCode="PH15">0.0</Phase><Phase PhaseCode="PH22">6.4383E-4</Phase><Phase PhaseCode="PH23">3.4029E-4</Phase><Phase PhaseCode="PH24">0</Phase><Phase PhaseCode="PH25">0.0</Phase><Phase PhaseCode="PH26">-0.0038329</Phase><Phase PhaseCode="PH99">0.066363</Phase></Phases></Indicator><Indicator IndicatorCode="IND38"><Phases><Phase PhaseCode="PH14">0.0018828</Phase><Phase PhaseCode="PH28">0.0</Phase><Phase PhaseCode="PH27">4.5254E-4</Phase><Phase PhaseCode="PH11">0.057381</Phase><Phase PhaseCode="PH12">1.0641E-4</Phase><Phase PhaseCode="PH13">0.0017764</Phase><Phase PhaseCode="PH15">0.0</Phase><Phase PhaseCode="PH22">3.7445E-4</Phase><Phase PhaseCode="PH23">7.8092E-5</Phase><Phase PhaseCode="PH24">0</Phase><Phase PhaseCode="PH25">0.0</Phase><Phase PhaseCode="PH26">-0.015963</Phase><Phase PhaseCode="PH99">0.059716</Phase></Phases></Indicator><Indicator IndicatorCode="IND39"><Phases><Phase PhaseCode="PH14">4.401</Phase><Phase PhaseCode="PH28">0.0</Phase><Phase PhaseCode="PH27">29.21</Phase><Phase PhaseCode="PH11">0.6425</Phase><Phase PhaseCode="PH12">9.0017E-4</Phase><Phase PhaseCode="PH13">4.4001</Phase><Phase PhaseCode="PH15">0.0</Phase><Phase PhaseCode="PH22">0.0093321</Phase><Phase PhaseCode="PH23">6.6061E-4</Phase><Phase PhaseCode="PH24">0</Phase><Phase PhaseCode="PH25">29.2</Phase><Phase PhaseCode="PH26">-0.074015</Phase><Phase PhaseCode="PH99">34.253</Phase></Phases></Indicator><Indicator IndicatorCode="IND40"><Phases><Phase PhaseCode="PH14">1.3146E-4</Phase><Phase PhaseCode="PH28">0.0</Phase><Phase PhaseCode="PH27">1.3252E-4</Phase><Phase PhaseCode="PH11">9.0135E-4</Phase><Phase PhaseCode="PH12">7.5787E-5</Phase><Phase PhaseCode="PH13">5.5678E-5</Phase><Phase PhaseCode="PH15">0.0</Phase><Phase PhaseCode="PH22">7.6906E-5</Phase><Phase PhaseCode="PH23">5.5619E-5</Phase><Phase PhaseCode="PH24">0</Phase><Phase PhaseCode="PH25">0.0</Phase><Phase PhaseCode="PH26">-5.4153E-5</Phase><Phase PhaseCode="PH99">0.0011653</Phase></Phases></Indicator><Indicator IndicatorCode="IND41"><Phases><Phase PhaseCode="PH14">0.0</Phase><Phase PhaseCode="PH28">0.0</Phase><Phase PhaseCode="PH27">0.0</Phase><Phase PhaseCode="PH11">0.0</Phase><Phase PhaseCode="PH12">0.0</Phase><Phase PhaseCode="PH13">0.0</Phase><Phase PhaseCode="PH15">0.0</Phase><Phase PhaseCode="PH22">0.0</Phase><Phase PhaseCode="PH23">0.0</Phase><Phase PhaseCode="PH24">0</Phase><Phase PhaseCode="PH25">0.0</Phase><Phase PhaseCode="PH26">0.0</Phase><Phase PhaseCode="PH99">0.0</Phase></Phases></Indicator><Indicator IndicatorCode="IND42"><Phases><Phase PhaseCode="PH14">0.0019219</Phase><Phase PhaseCode="PH28">0.0</Phase><Phase PhaseCode="PH27">3.5912E-6</Phase><Phase PhaseCode="PH11">0.063849</Phase><Phase PhaseCode="PH12">4.8935E-6</Phase><Phase PhaseCode="PH13">0.001917</Phase><Phase PhaseCode="PH15">0.0</Phase><Phase PhaseCode="PH22">0.0</Phase><Phase PhaseCode="PH23">3.5912E-6</Phase><Phase PhaseCode="PH24">0</Phase><Phase PhaseCode="PH25">0.0</Phase><Phase PhaseCode="PH26">87.552</Phase><Phase PhaseCode="PH99">0.065774</Phase></Phases></Indicator><Indicator IndicatorCode="IND43"><Phases><Phase PhaseCode="PH14">1.0176E-8</Phase><Phase PhaseCode="PH28">0.0</Phase><Phase PhaseCode="PH27">2.1087E-9</Phase><Phase PhaseCode="PH11">2.126E-7</Phase><Phase PhaseCode="PH12">2.8734E-9</Phase><Phase PhaseCode="PH13">7.3023E-9</Phase><Phase PhaseCode="PH15">0.0</Phase><Phase PhaseCode="PH22">0.0</Phase><Phase PhaseCode="PH23">2.1087E-9</Phase><Phase PhaseCode="PH24">0</Phase><Phase PhaseCode="PH25">0.0</Phase><Phase PhaseCode="PH26">3.2465E-10</Phase><Phase PhaseCode="PH99">2.2488E-7</Phase></Phases></Indicator></Indicators><ParentEPDSerialId/></EPDC>