<?xml version="1.0" encoding="UTF-8"?><EPDC><EPDCId>231300_3.1.6_135</EPDCId><Name>Bacon BA- JV - 60kg/m3 - XC4 -CEMIIIA</Name><ConfiguratorName>Betie</ConfiguratorName><ConfiguratorCode>1001</ConfiguratorCode><ConfiguratorVersion>3.1.6_135</ConfiguratorVersion><PublicAddress>www.betie.fr</PublicAddress><ParentDataBase>0</ParentDataBase><ParentEPDId>0</ParentEPDId><TLD>100</TLD><Quantity>1</Quantity><UnitId>2</UnitId><FunctionalUnit>Assurer la fonction de plancher haut, sur une épaisseur de 1 mètre sur une surface d'1m², dont la DVT est de 100 ans.</FunctionalUnit><Standard>2</Standard><ProductionDate>2024-09-09</ProductionDate><Parameters><Parameter><ParameterId>1</ParameterId><Name>Classe de résistance</Name><Value>25</Value><ParamUnitId>39</ParamUnitId></Parameter><Parameter><ParameterId>2</ParameterId><Name>Classe d'exposition</Name><Value>XC4</Value><ParamUnitId>27</ParamUnitId></Parameter><Parameter><ParameterId>3</ParameterId><Name>Type de ciment</Name><Value>CEM III/A</Value><ParamUnitId>27</ParamUnitId></Parameter><Parameter><ParameterId>5</ParameterId><Name>Classe de résistance du ciment</Name><Value>52.5</Value><ParamUnitId>27</ParamUnitId></Parameter><Parameter><ParameterId>6</ParameterId><Name>Dmax</Name><Value>20</Value><ParamUnitId>43</ParamUnitId></Parameter><Parameter><ParameterId>7</ParameterId><Name>Consistance</Name><Value>S3</Value><ParamUnitId>27</ParamUnitId></Parameter><Parameter><ParameterId>8</ParameterId><Name>Type de gravier majoritaire</Name><Value>Graviers Massifs</Value><ParamUnitId>27</ParamUnitId></Parameter><Parameter><ParameterId>9</ParameterId><Name>Type de sable majoritaire</Name><Value>Sables Alluvionnaires</Value><ParamUnitId>27</ParamUnitId></Parameter><Parameter><ParameterId>10</ParameterId><Name>Type d'eau consommée en centrale</Name><Value>Eau recyclée</Value><ParamUnitId>27</ParamUnitId></Parameter><Parameter><ParameterId>11</ParameterId><Name>Présence de fibres</Name><Value>Non</Value><ParamUnitId>27</ParamUnitId></Parameter><Parameter><ParameterId>110</ParameterId><Name>Transport du béton par route</Name><Value>0.0</Value><ParamUnitId>37</ParamUnitId></Parameter><Parameter><ParameterId>111</ParameterId><Name>Type de projet</Name><Value>Projet identifié</Value><ParamUnitId>27</ParamUnitId></Parameter><Parameter><ParameterId>112</ParameterId><Name>Type d'ouvrage</Name><Value>Dalle pleine</Value><ParamUnitId>27</ParamUnitId></Parameter><Parameter><ParameterId>113</ParameterId><Name>Epaisseur</Name><Value>1.0</Value><ParamUnitId>5</ParamUnitId></Parameter><Parameter><ParameterId>117</ParameterId><Name>Déversement direct</Name><Value>0.0</Value><ParamUnitId>12</ParamUnitId></Parameter><Parameter><ParameterId>118</ParameterId><Name>Benne à béton</Name><Value>100.0</Value><ParamUnitId>12</ParamUnitId></Parameter><Parameter><ParameterId>119</ParameterId><Name>Pompage/Tapis</Name><Value>0.0</Value><ParamUnitId>12</ParamUnitId></Parameter><Parameter><ParameterId>120</ParameterId><Name>Quantité d'acier pour les armatures</Name><Value>60.0</Value><ParamUnitId>3</ParamUnitId></Parameter></Parameters><Indicators><Indicator IndicatorCode="IND19"><Phases><Phase PhaseCode="PH14">90.321</Phase><Phase PhaseCode="PH28">-0.89461</Phase><Phase PhaseCode="PH27">8.8602</Phase><Phase PhaseCode="PH11">137.05</Phase><Phase PhaseCode="PH12">7.327</Phase><Phase PhaseCode="PH13">82.994</Phase><Phase PhaseCode="PH15">-0.89461</Phase><Phase PhaseCode="PH22">14.514</Phase><Phase PhaseCode="PH23">5.5386</Phase><Phase PhaseCode="PH24">0.91759</Phase><Phase PhaseCode="PH25">-12.11</Phase><Phase PhaseCode="PH26">-14.239</Phase><Phase PhaseCode="PH99">235.34</Phase></Phases></Indicator><Indicator IndicatorCode="IND20"><Phases><Phase PhaseCode="PH14">7.5185E-6</Phase><Phase PhaseCode="PH28">0.0</Phase><Phase PhaseCode="PH27">7.3975E-6</Phase><Phase PhaseCode="PH11">1.0771E-5</Phase><Phase PhaseCode="PH12">5.3172E-6</Phase><Phase PhaseCode="PH13">2.2013E-6</Phase><Phase PhaseCode="PH15">0.0</Phase><Phase PhaseCode="PH22">2.7248E-6</Phase><Phase PhaseCode="PH23">4.0193E-6</Phase><Phase PhaseCode="PH24">6.5344E-7</Phase><Phase PhaseCode="PH25">0.0</Phase><Phase PhaseCode="PH26">-4.5257E-7</Phase><Phase PhaseCode="PH99">2.5687E-5</Phase></Phases></Indicator><Indicator IndicatorCode="IND21"><Phases><Phase PhaseCode="PH14">0.25649</Phase><Phase PhaseCode="PH28">0.0</Phase><Phase PhaseCode="PH27">0.14407</Phase><Phase PhaseCode="PH11">0.33397</Phase><Phase PhaseCode="PH12">0.033643</Phase><Phase PhaseCode="PH13">0.22285</Phase><Phase PhaseCode="PH15">0.0</Phase><Phase PhaseCode="PH22">0.11196</Phase><Phase PhaseCode="PH23">0.025431</Phase><Phase PhaseCode="PH24">0.0066754</Phase><Phase PhaseCode="PH25">0.0</Phase><Phase PhaseCode="PH26">-0.040006</Phase><Phase PhaseCode="PH99">0.73453</Phase></Phases></Indicator><Indicator IndicatorCode="IND22"><Phases><Phase PhaseCode="PH14">0.030401</Phase><Phase PhaseCode="PH28">0.0</Phase><Phase PhaseCode="PH27">0.031602</Phase><Phase PhaseCode="PH11">0.053983</Phase><Phase PhaseCode="PH12">0.0079072</Phase><Phase PhaseCode="PH13">0.022494</Phase><Phase PhaseCode="PH15">0.0</Phase><Phase PhaseCode="PH22">0.024181</Phase><Phase PhaseCode="PH23">0.0059771</Phase><Phase PhaseCode="PH24">0.0014394</Phase><Phase PhaseCode="PH25">4.9997E-6</Phase><Phase PhaseCode="PH26">-0.0076862</Phase><Phase PhaseCode="PH99">0.11599</Phase></Phases></Indicator><Indicator IndicatorCode="IND23"><Phases><Phase PhaseCode="PH14">0.045545</Phase><Phase PhaseCode="PH28">0.0</Phase><Phase PhaseCode="PH27">0.0068512</Phase><Phase PhaseCode="PH11">0.02276</Phase><Phase PhaseCode="PH12">0.0052458</Phase><Phase PhaseCode="PH13">0.040299</Phase><Phase PhaseCode="PH15">0.0</Phase><Phase PhaseCode="PH22">0.0026736</Phase><Phase PhaseCode="PH23">0.0039654</Phase><Phase PhaseCode="PH24">2.1218E-4</Phase><Phase PhaseCode="PH25">0.0</Phase><Phase PhaseCode="PH26">-0.0073998</Phase><Phase PhaseCode="PH99">0.075156</Phase></Phases></Indicator><Indicator IndicatorCode="IND24"><Phases><Phase PhaseCode="PH14">3.4493E-6</Phase><Phase PhaseCode="PH28">0.0</Phase><Phase PhaseCode="PH27">5.7737E-8</Phase><Phase PhaseCode="PH11">3.9434E-5</Phase><Phase PhaseCode="PH12">1.0393E-8</Phase><Phase PhaseCode="PH13">3.4389E-6</Phase><Phase PhaseCode="PH15">0.0</Phase><Phase PhaseCode="PH22">4.8226E-8</Phase><Phase PhaseCode="PH23">7.8561E-9</Phase><Phase PhaseCode="PH24">1.655E-9</Phase><Phase PhaseCode="PH25">0.0</Phase><Phase PhaseCode="PH26">-1.8896E-5</Phase><Phase PhaseCode="PH99">4.2941E-5</Phase></Phases></Indicator><Indicator IndicatorCode="IND25"><Phases><Phase PhaseCode="PH14">1075.2</Phase><Phase PhaseCode="PH28">0.0</Phase><Phase PhaseCode="PH27">290.28</Phase><Phase PhaseCode="PH11">703.66</Phase><Phase PhaseCode="PH12">93.64</Phase><Phase PhaseCode="PH13">981.51</Phase><Phase PhaseCode="PH15">0.0</Phase><Phase PhaseCode="PH22">207.62</Phase><Phase PhaseCode="PH23">70.783</Phase><Phase PhaseCode="PH24">11.878</Phase><Phase PhaseCode="PH25">0.0</Phase><Phase PhaseCode="PH26">-165.65</Phase><Phase PhaseCode="PH99">2069.1</Phase></Phases></Indicator><Indicator IndicatorCode="IND27"><Phases><Phase PhaseCode="PH14">96.024</Phase><Phase PhaseCode="PH28">0.0</Phase><Phase PhaseCode="PH27">1614.3</Phase><Phase PhaseCode="PH11">160.29</Phase><Phase PhaseCode="PH12">2.088</Phase><Phase PhaseCode="PH13">93.936</Phase><Phase PhaseCode="PH15">0.0</Phase><Phase PhaseCode="PH22">1612.7</Phase><Phase PhaseCode="PH23">1.5783</Phase><Phase PhaseCode="PH24">0.0</Phase><Phase PhaseCode="PH25">0.0</Phase><Phase PhaseCode="PH26">-2.4322</Phase><Phase PhaseCode="PH99">1870.6</Phase></Phases></Indicator><Indicator IndicatorCode="IND26"><Phases><Phase PhaseCode="PH14">11097.0</Phase><Phase PhaseCode="PH28">0.0</Phase><Phase PhaseCode="PH27">358.58</Phase><Phase PhaseCode="PH11">3771.3</Phase><Phase PhaseCode="PH12">467.14</Phase><Phase PhaseCode="PH13">10630.0</Phase><Phase PhaseCode="PH15">0.0</Phase><Phase PhaseCode="PH22">5.4705</Phase><Phase PhaseCode="PH23">353.11</Phase><Phase PhaseCode="PH24">0.0</Phase><Phase PhaseCode="PH25">0.0</Phase><Phase PhaseCode="PH26">-4876.8</Phase><Phase PhaseCode="PH99">15227.0</Phase></Phases></Indicator><Indicator IndicatorCode="IND28"><Phases><Phase PhaseCode="PH14">2.2186</Phase><Phase PhaseCode="PH28">0.0</Phase><Phase PhaseCode="PH27">0.44944</Phase><Phase PhaseCode="PH11">25.758</Phase><Phase PhaseCode="PH12">0.052795</Phase><Phase PhaseCode="PH13">2.1658</Phase><Phase PhaseCode="PH15">0.0</Phase><Phase PhaseCode="PH22">0.40517</Phase><Phase PhaseCode="PH23">0.039908</Phase><Phase PhaseCode="PH24">0.0043591</Phase><Phase PhaseCode="PH25">0.0</Phase><Phase PhaseCode="PH26">-4.7151</Phase><Phase PhaseCode="PH99">28.426</Phase></Phases></Indicator><Indicator IndicatorCode="IND29"><Phases><Phase PhaseCode="PH14">0.0015902</Phase><Phase PhaseCode="PH28">0.0</Phase><Phase PhaseCode="PH27">0.0</Phase><Phase PhaseCode="PH11">0.0090906</Phase><Phase PhaseCode="PH12">0.0</Phase><Phase PhaseCode="PH13">0.0015902</Phase><Phase PhaseCode="PH15">0.0</Phase><Phase PhaseCode="PH22">0.0</Phase><Phase PhaseCode="PH23">0.0</Phase><Phase PhaseCode="PH24">0.0</Phase><Phase PhaseCode="PH25">0.0</Phase><Phase PhaseCode="PH26">0.0</Phase><Phase PhaseCode="PH99">0.010681</Phase></Phases></Indicator><Indicator IndicatorCode="IND30"><Phases><Phase PhaseCode="PH14">2.2202</Phase><Phase PhaseCode="PH28">0.0</Phase><Phase PhaseCode="PH27">0.44944</Phase><Phase PhaseCode="PH11">25.767</Phase><Phase PhaseCode="PH12">0.052795</Phase><Phase PhaseCode="PH13">2.1674</Phase><Phase PhaseCode="PH15">0.0</Phase><Phase PhaseCode="PH22">0.40517</Phase><Phase PhaseCode="PH23">0.039908</Phase><Phase PhaseCode="PH24">0.0043591</Phase><Phase PhaseCode="PH25">0.0</Phase><Phase PhaseCode="PH26">-4.7151</Phase><Phase PhaseCode="PH99">28.437</Phase></Phases></Indicator><Indicator IndicatorCode="IND31"><Phases><Phase PhaseCode="PH14">1018.3</Phase><Phase PhaseCode="PH28">0.0</Phase><Phase PhaseCode="PH27">309.45</Phase><Phase PhaseCode="PH11">1180.2</Phase><Phase PhaseCode="PH12">95.158</Phase><Phase PhaseCode="PH13">923.17</Phase><Phase PhaseCode="PH15">0.0</Phase><Phase PhaseCode="PH22">225.56</Phase><Phase PhaseCode="PH23">71.931</Phase><Phase PhaseCode="PH24">11.962</Phase><Phase PhaseCode="PH25">0.0</Phase><Phase PhaseCode="PH26">-218.66</Phase><Phase PhaseCode="PH99">2508.0</Phase></Phases></Indicator><Indicator IndicatorCode="IND32"><Phases><Phase PhaseCode="PH14">0.18274</Phase><Phase PhaseCode="PH28">0.0</Phase><Phase PhaseCode="PH27">0.033298</Phase><Phase PhaseCode="PH11">5.5118</Phase><Phase PhaseCode="PH12">0.0</Phase><Phase PhaseCode="PH13">0.18274</Phase><Phase PhaseCode="PH15">0.0</Phase><Phase PhaseCode="PH22">0.0</Phase><Phase PhaseCode="PH23">0.0</Phase><Phase PhaseCode="PH24">0.033298</Phase><Phase PhaseCode="PH25">0.0</Phase><Phase PhaseCode="PH26">0.033298</Phase><Phase PhaseCode="PH99">5.7278</Phase></Phases></Indicator><Indicator IndicatorCode="IND33"><Phases><Phase PhaseCode="PH14">1018.5</Phase><Phase PhaseCode="PH28">0.0</Phase><Phase PhaseCode="PH27">309.49</Phase><Phase PhaseCode="PH11">1185.7</Phase><Phase PhaseCode="PH12">95.158</Phase><Phase PhaseCode="PH13">923.35</Phase><Phase PhaseCode="PH15">0.0</Phase><Phase PhaseCode="PH22">225.56</Phase><Phase PhaseCode="PH23">71.931</Phase><Phase PhaseCode="PH24">11.995</Phase><Phase PhaseCode="PH25">0.0</Phase><Phase PhaseCode="PH26">-218.63</Phase><Phase PhaseCode="PH99">2513.7</Phase></Phases></Indicator><Indicator IndicatorCode="IND34"><Phases><Phase PhaseCode="PH14">42.201</Phase><Phase PhaseCode="PH28">0.0</Phase><Phase PhaseCode="PH27">0.0014225</Phase><Phase PhaseCode="PH11">10.14</Phase><Phase PhaseCode="PH12">1.4024E-6</Phase><Phase PhaseCode="PH13">42.201</Phase><Phase PhaseCode="PH15">0.0</Phase><Phase PhaseCode="PH22">0.0</Phase><Phase PhaseCode="PH23">1.0601E-6</Phase><Phase PhaseCode="PH24">0.0014214</Phase><Phase PhaseCode="PH25">0.0</Phase><Phase PhaseCode="PH26">-31.555</Phase><Phase PhaseCode="PH99">52.342</Phase></Phases></Indicator><Indicator IndicatorCode="IND35"><Phases><Phase PhaseCode="PH14">2.2603</Phase><Phase PhaseCode="PH28">0.0</Phase><Phase PhaseCode="PH27">0.0</Phase><Phase PhaseCode="PH11">75.343</Phase><Phase PhaseCode="PH12">0.0</Phase><Phase PhaseCode="PH13">2.2603</Phase><Phase PhaseCode="PH15">0.0</Phase><Phase PhaseCode="PH22">0.0</Phase><Phase PhaseCode="PH23">0.0</Phase><Phase PhaseCode="PH24">0.0</Phase><Phase PhaseCode="PH25">0.0</Phase><Phase PhaseCode="PH26">0.0</Phase><Phase PhaseCode="PH99">77.603</Phase></Phases></Indicator><Indicator IndicatorCode="IND36"><Phases><Phase PhaseCode="PH14">3.3424</Phase><Phase PhaseCode="PH28">0.0</Phase><Phase PhaseCode="PH27">0.0</Phase><Phase PhaseCode="PH11">111.41</Phase><Phase PhaseCode="PH12">0.0</Phase><Phase PhaseCode="PH13">3.3424</Phase><Phase PhaseCode="PH15">0.0</Phase><Phase PhaseCode="PH22">0.0</Phase><Phase PhaseCode="PH23">0.0</Phase><Phase PhaseCode="PH24">0.0</Phase><Phase PhaseCode="PH25">0.0</Phase><Phase PhaseCode="PH26">0.0</Phase><Phase PhaseCode="PH99">114.75</Phase></Phases></Indicator><Indicator IndicatorCode="IND37"><Phases><Phase PhaseCode="PH14">0.87727</Phase><Phase PhaseCode="PH28">0.0</Phase><Phase PhaseCode="PH27">0.021201</Phase><Phase PhaseCode="PH11">0.93939</Phase><Phase PhaseCode="PH12">0.0092737</Phase><Phase PhaseCode="PH13">0.868</Phase><Phase PhaseCode="PH15">0.0</Phase><Phase PhaseCode="PH22">0.012877</Phase><Phase PhaseCode="PH23">0.00701</Phase><Phase PhaseCode="PH24">0.0013143</Phase><Phase PhaseCode="PH25">0.0</Phase><Phase PhaseCode="PH26">-0.70308</Phase><Phase PhaseCode="PH99">1.8379</Phase></Phases></Indicator><Indicator IndicatorCode="IND38"><Phases><Phase PhaseCode="PH14">0.019423</Phase><Phase PhaseCode="PH28">0.0</Phase><Phase PhaseCode="PH27">0.0093599</Phase><Phase PhaseCode="PH11">0.53196</Phase><Phase PhaseCode="PH12">0.0021282</Phase><Phase PhaseCode="PH13">0.017295</Phase><Phase PhaseCode="PH15">0.0</Phase><Phase PhaseCode="PH22">0.0074889</Phase><Phase PhaseCode="PH23">0.0016087</Phase><Phase PhaseCode="PH24">2.6232E-4</Phase><Phase PhaseCode="PH25">0.0</Phase><Phase PhaseCode="PH26">-0.32884</Phase><Phase PhaseCode="PH99">0.56074</Phase></Phases></Indicator><Indicator IndicatorCode="IND39"><Phases><Phase PhaseCode="PH14">90.853</Phase><Phase PhaseCode="PH28">0.0</Phase><Phase PhaseCode="PH27">601.74</Phase><Phase PhaseCode="PH11">15.27</Phase><Phase PhaseCode="PH12">0.018003</Phase><Phase PhaseCode="PH13">90.835</Phase><Phase PhaseCode="PH15">0.0</Phase><Phase PhaseCode="PH22">0.18664</Phase><Phase PhaseCode="PH23">0.013609</Phase><Phase PhaseCode="PH24">0.0076416</Phase><Phase PhaseCode="PH25">601.53</Phase><Phase PhaseCode="PH26">-1.5247</Phase><Phase PhaseCode="PH99">707.86</Phase></Phases></Indicator><Indicator IndicatorCode="IND40"><Phases><Phase PhaseCode="PH14">0.0023892</Phase><Phase PhaseCode="PH28">0.0</Phase><Phase PhaseCode="PH27">0.0028706</Phase><Phase PhaseCode="PH11">0.0090082</Phase><Phase PhaseCode="PH12">0.0015157</Phase><Phase PhaseCode="PH13">8.7355E-4</Phase><Phase PhaseCode="PH15">0.0</Phase><Phase PhaseCode="PH22">0.0015381</Phase><Phase PhaseCode="PH23">0.0011458</Phase><Phase PhaseCode="PH24">1.8667E-4</Phase><Phase PhaseCode="PH25">0.0</Phase><Phase PhaseCode="PH26">-0.0011156</Phase><Phase PhaseCode="PH99">0.014268</Phase></Phases></Indicator><Indicator IndicatorCode="IND41"><Phases><Phase PhaseCode="PH14">0.0</Phase><Phase PhaseCode="PH28">0.0</Phase><Phase PhaseCode="PH27">0.0</Phase><Phase PhaseCode="PH11">0.0</Phase><Phase PhaseCode="PH12">0.0</Phase><Phase PhaseCode="PH13">0.0</Phase><Phase PhaseCode="PH15">0.0</Phase><Phase PhaseCode="PH22">0.0</Phase><Phase PhaseCode="PH23">0.0</Phase><Phase PhaseCode="PH24">0.0</Phase><Phase PhaseCode="PH25">0.0</Phase><Phase PhaseCode="PH26">0.0</Phase><Phase PhaseCode="PH99">0.0</Phase></Phases></Indicator><Indicator IndicatorCode="IND42"><Phases><Phase PhaseCode="PH14">54.171</Phase><Phase PhaseCode="PH28">0.0</Phase><Phase PhaseCode="PH27">1804.6</Phase><Phase PhaseCode="PH11">1.0761</Phase><Phase PhaseCode="PH12">9.787E-5</Phase><Phase PhaseCode="PH13">54.171</Phase><Phase PhaseCode="PH15">0.0</Phase><Phase PhaseCode="PH22">0.0</Phase><Phase PhaseCode="PH23">7.3981E-5</Phase><Phase PhaseCode="PH24">1804.6</Phase><Phase PhaseCode="PH25">0.0</Phase><Phase PhaseCode="PH26">1803.6</Phase><Phase PhaseCode="PH99">1859.8</Phase></Phases></Indicator><Indicator IndicatorCode="IND43"><Phases><Phase PhaseCode="PH14">7.9318E-7</Phase><Phase PhaseCode="PH28">0.0</Phase><Phase PhaseCode="PH27">5.0128E-8</Phase><Phase PhaseCode="PH11">4.189E-6</Phase><Phase PhaseCode="PH12">5.7467E-8</Phase><Phase PhaseCode="PH13">7.3571E-7</Phase><Phase PhaseCode="PH15">0.0</Phase><Phase PhaseCode="PH22">0.0</Phase><Phase PhaseCode="PH23">4.344E-8</Phase><Phase PhaseCode="PH24">6.6879E-9</Phase><Phase PhaseCode="PH25">0.0</Phase><Phase PhaseCode="PH26">6.6879E-9</Phase><Phase PhaseCode="PH99">5.0323E-6</Phase></Phases></Indicator></Indicators><ParentEPDSerialId xmlns=""/></EPDC>