<?xml version="1.0" encoding="UTF-8"?><EPDC><EPDCId>231279_3.1.6_135</EPDCId><Name>Poteaux rect- JV - 120kg/m3 - XC2 -CEMIIIA</Name><ConfiguratorName>Betie</ConfiguratorName><ConfiguratorCode>1001</ConfiguratorCode><ConfiguratorVersion>3.1.6_135</ConfiguratorVersion><PublicAddress>www.betie.fr</PublicAddress><ParentDataBase>0</ParentDataBase><ParentEPDId>0</ParentEPDId><TLD>100</TLD><Quantity>1</Quantity><UnitId>38</UnitId><FunctionalUnit>Il s'agit d'un mètre linéaire de poteau, de section 1x1 mètre, de durée de vie 100 ans, assurant les descentes de charge pour le bâtiment considéré.</FunctionalUnit><Standard>2</Standard><ProductionDate>2024-09-09</ProductionDate><Parameters><Parameter><ParameterId>1</ParameterId><Name>Classe de résistance</Name><Value>35</Value><ParamUnitId>39</ParamUnitId></Parameter><Parameter><ParameterId>2</ParameterId><Name>Classe d'exposition</Name><Value>XC1</Value><ParamUnitId>27</ParamUnitId></Parameter><Parameter><ParameterId>3</ParameterId><Name>Type de ciment</Name><Value>CEM III/A</Value><ParamUnitId>27</ParamUnitId></Parameter><Parameter><ParameterId>5</ParameterId><Name>Classe de résistance du ciment</Name><Value>52.5</Value><ParamUnitId>27</ParamUnitId></Parameter><Parameter><ParameterId>6</ParameterId><Name>Dmax</Name><Value>20</Value><ParamUnitId>43</ParamUnitId></Parameter><Parameter><ParameterId>7</ParameterId><Name>Consistance</Name><Value>S3</Value><ParamUnitId>27</ParamUnitId></Parameter><Parameter><ParameterId>8</ParameterId><Name>Type de gravier majoritaire</Name><Value>Graviers Massifs</Value><ParamUnitId>27</ParamUnitId></Parameter><Parameter><ParameterId>9</ParameterId><Name>Type de sable majoritaire</Name><Value>Sables Alluvionnaires</Value><ParamUnitId>27</ParamUnitId></Parameter><Parameter><ParameterId>10</ParameterId><Name>Type d'eau consommée en centrale</Name><Value>Eau recyclée</Value><ParamUnitId>27</ParamUnitId></Parameter><Parameter><ParameterId>11</ParameterId><Name>Présence de fibres</Name><Value>Non</Value><ParamUnitId>27</ParamUnitId></Parameter><Parameter><ParameterId>110</ParameterId><Name>Transport du béton par route</Name><Value>0.0</Value><ParamUnitId>37</ParamUnitId></Parameter><Parameter><ParameterId>111</ParameterId><Name>Type de projet</Name><Value>Projet identifié</Value><ParamUnitId>27</ParamUnitId></Parameter><Parameter><ParameterId>112</ParameterId><Name>Type d'ouvrage</Name><Value>Poteau rectangulaire</Value><ParamUnitId>27</ParamUnitId></Parameter><Parameter><ParameterId>114</ParameterId><Name>Section a</Name><Value>1.0</Value><ParamUnitId>5</ParamUnitId></Parameter><Parameter><ParameterId>115</ParameterId><Name>Section b</Name><Value>1.0</Value><ParamUnitId>5</ParamUnitId></Parameter><Parameter><ParameterId>117</ParameterId><Name>Déversement direct</Name><Value>0.0</Value><ParamUnitId>12</ParamUnitId></Parameter><Parameter><ParameterId>118</ParameterId><Name>Benne à béton</Name><Value>100.0</Value><ParamUnitId>12</ParamUnitId></Parameter><Parameter><ParameterId>119</ParameterId><Name>Pompage/Tapis</Name><Value>0.0</Value><ParamUnitId>12</ParamUnitId></Parameter><Parameter><ParameterId>120</ParameterId><Name>Quantité d'acier pour les armatures</Name><Value>120.0</Value><ParamUnitId>3</ParamUnitId></Parameter></Parameters><Indicators><Indicator IndicatorCode="IND19"><Phases><Phase PhaseCode="PH14">168.05</Phase><Phase PhaseCode="PH28">-3.3491</Phase><Phase PhaseCode="PH27">7.2645</Phase><Phase PhaseCode="PH11">162.14</Phase><Phase PhaseCode="PH12">7.327</Phase><Phase PhaseCode="PH13">160.72</Phase><Phase PhaseCode="PH15">-3.3491</Phase><Phase PhaseCode="PH22">14.514</Phase><Phase PhaseCode="PH23">5.5329</Phase><Phase PhaseCode="PH24">0.91664</Phase><Phase PhaseCode="PH25">-13.699</Phase><Phase PhaseCode="PH26">-25.124</Phase><Phase PhaseCode="PH99">334.1</Phase></Phases></Indicator><Indicator IndicatorCode="IND20"><Phases><Phase PhaseCode="PH14">7.5547E-6</Phase><Phase PhaseCode="PH28">0.0</Phase><Phase PhaseCode="PH27">7.3928E-6</Phase><Phase PhaseCode="PH11">1.2029E-5</Phase><Phase PhaseCode="PH12">5.3172E-6</Phase><Phase PhaseCode="PH13">2.2375E-6</Phase><Phase PhaseCode="PH15">0.0</Phase><Phase PhaseCode="PH22">2.7248E-6</Phase><Phase PhaseCode="PH23">4.0152E-6</Phase><Phase PhaseCode="PH24">6.5277E-7</Phase><Phase PhaseCode="PH25">0.0</Phase><Phase PhaseCode="PH26">-4.5211E-7</Phase><Phase PhaseCode="PH99">2.6976E-5</Phase></Phases></Indicator><Indicator IndicatorCode="IND21"><Phases><Phase PhaseCode="PH14">0.45589</Phase><Phase PhaseCode="PH28">0.0</Phase><Phase PhaseCode="PH27">0.14403</Phase><Phase PhaseCode="PH11">0.38644</Phase><Phase PhaseCode="PH12">0.033643</Phase><Phase PhaseCode="PH13">0.42225</Phase><Phase PhaseCode="PH15">0.0</Phase><Phase PhaseCode="PH22">0.11196</Phase><Phase PhaseCode="PH23">0.025405</Phase><Phase PhaseCode="PH24">0.0066685</Phase><Phase PhaseCode="PH25">0.0</Phase><Phase PhaseCode="PH26">-0.060308</Phase><Phase PhaseCode="PH99">0.98637</Phase></Phases></Indicator><Indicator IndicatorCode="IND22"><Phases><Phase PhaseCode="PH14">0.04783</Phase><Phase PhaseCode="PH28">0.0</Phase><Phase PhaseCode="PH27">0.031595</Phase><Phase PhaseCode="PH11">0.062242</Phase><Phase PhaseCode="PH12">0.0079072</Phase><Phase PhaseCode="PH13">0.039923</Phase><Phase PhaseCode="PH15">0.0</Phase><Phase PhaseCode="PH22">0.024181</Phase><Phase PhaseCode="PH23">0.005971</Phase><Phase PhaseCode="PH24">0.001438</Phase><Phase PhaseCode="PH25">4.9946E-6</Phase><Phase PhaseCode="PH26">-0.0093307</Phase><Phase PhaseCode="PH99">0.14167</Phase></Phases></Indicator><Indicator IndicatorCode="IND23"><Phases><Phase PhaseCode="PH14">0.083904</Phase><Phase PhaseCode="PH28">0.0</Phase><Phase PhaseCode="PH27">0.0068469</Phase><Phase PhaseCode="PH11">0.026488</Phase><Phase PhaseCode="PH12">0.0052458</Phase><Phase PhaseCode="PH13">0.078658</Phase><Phase PhaseCode="PH15">0.0</Phase><Phase PhaseCode="PH22">0.0026736</Phase><Phase PhaseCode="PH23">0.0039613</Phase><Phase PhaseCode="PH24">2.1196E-4</Phase><Phase PhaseCode="PH25">0.0</Phase><Phase PhaseCode="PH26">-0.014003</Phase><Phase PhaseCode="PH99">0.11724</Phase></Phases></Indicator><Indicator IndicatorCode="IND24"><Phases><Phase PhaseCode="PH14">5.8196E-6</Phase><Phase PhaseCode="PH28">0.0</Phase><Phase PhaseCode="PH27">5.7727E-8</Phase><Phase PhaseCode="PH11">4.3994E-5</Phase><Phase PhaseCode="PH12">1.0393E-8</Phase><Phase PhaseCode="PH13">5.8092E-6</Phase><Phase PhaseCode="PH15">0.0</Phase><Phase PhaseCode="PH22">4.8226E-8</Phase><Phase PhaseCode="PH23">7.848E-9</Phase><Phase PhaseCode="PH24">1.6533E-9</Phase><Phase PhaseCode="PH25">0.0</Phase><Phase PhaseCode="PH26">-1.9379E-5</Phase><Phase PhaseCode="PH99">4.9871E-5</Phase></Phases></Indicator><Indicator IndicatorCode="IND25"><Phases><Phase PhaseCode="PH14">2007.9</Phase><Phase PhaseCode="PH28">0.0</Phase><Phase PhaseCode="PH27">290.2</Phase><Phase PhaseCode="PH11">842.12</Phase><Phase PhaseCode="PH12">93.64</Phase><Phase PhaseCode="PH13">1914.3</Phase><Phase PhaseCode="PH15">0.0</Phase><Phase PhaseCode="PH22">207.62</Phase><Phase PhaseCode="PH23">70.71</Phase><Phase PhaseCode="PH24">11.866</Phase><Phase PhaseCode="PH25">0.0</Phase><Phase PhaseCode="PH26">-282.84</Phase><Phase PhaseCode="PH99">3140.3</Phase></Phases></Indicator><Indicator IndicatorCode="IND27"><Phases><Phase PhaseCode="PH14">96.018</Phase><Phase PhaseCode="PH28">0.0</Phase><Phase PhaseCode="PH27">1614.3</Phase><Phase PhaseCode="PH11">163.23</Phase><Phase PhaseCode="PH12">2.088</Phase><Phase PhaseCode="PH13">93.93</Phase><Phase PhaseCode="PH15">0.0</Phase><Phase PhaseCode="PH22">1612.7</Phase><Phase PhaseCode="PH23">1.5767</Phase><Phase PhaseCode="PH24">0.0</Phase><Phase PhaseCode="PH25">0.0</Phase><Phase PhaseCode="PH26">-2.3504</Phase><Phase PhaseCode="PH99">1873.5</Phase></Phases></Indicator><Indicator IndicatorCode="IND26"><Phases><Phase PhaseCode="PH14">21622.0</Phase><Phase PhaseCode="PH28">0.0</Phase><Phase PhaseCode="PH27">358.22</Phase><Phase PhaseCode="PH11">4167.4</Phase><Phase PhaseCode="PH12">467.14</Phase><Phase PhaseCode="PH13">21155.0</Phase><Phase PhaseCode="PH15">0.0</Phase><Phase PhaseCode="PH22">5.4705</Phase><Phase PhaseCode="PH23">352.75</Phase><Phase PhaseCode="PH24">0.0</Phase><Phase PhaseCode="PH25">0.0</Phase><Phase PhaseCode="PH26">-7371.7</Phase><Phase PhaseCode="PH99">26148.0</Phase></Phases></Indicator><Indicator IndicatorCode="IND28"><Phases><Phase PhaseCode="PH14">1.5467</Phase><Phase PhaseCode="PH28">0.0</Phase><Phase PhaseCode="PH27">0.44939</Phase><Phase PhaseCode="PH11">30.677</Phase><Phase PhaseCode="PH12">0.052795</Phase><Phase PhaseCode="PH13">1.4939</Phase><Phase PhaseCode="PH15">0.0</Phase><Phase PhaseCode="PH22">0.40517</Phase><Phase PhaseCode="PH23">0.039867</Phase><Phase PhaseCode="PH24">0.0043546</Phase><Phase PhaseCode="PH25">0.0</Phase><Phase PhaseCode="PH26">-4.7103</Phase><Phase PhaseCode="PH99">32.673</Phase></Phases></Indicator><Indicator IndicatorCode="IND29"><Phases><Phase PhaseCode="PH14">0.0015908</Phase><Phase PhaseCode="PH28">0.0</Phase><Phase PhaseCode="PH27">0.0</Phase><Phase PhaseCode="PH11">0.0091116</Phase><Phase PhaseCode="PH12">0.0</Phase><Phase PhaseCode="PH13">0.0015908</Phase><Phase PhaseCode="PH15">0.0</Phase><Phase PhaseCode="PH22">0.0</Phase><Phase PhaseCode="PH23">0.0</Phase><Phase PhaseCode="PH24">0.0</Phase><Phase PhaseCode="PH25">0.0</Phase><Phase PhaseCode="PH26">0.0</Phase><Phase PhaseCode="PH99">0.010702</Phase></Phases></Indicator><Indicator IndicatorCode="IND30"><Phases><Phase PhaseCode="PH14">1.5483</Phase><Phase PhaseCode="PH28">0.0</Phase><Phase PhaseCode="PH27">0.44939</Phase><Phase PhaseCode="PH11">30.686</Phase><Phase PhaseCode="PH12">0.052795</Phase><Phase PhaseCode="PH13">1.4955</Phase><Phase PhaseCode="PH15">0.0</Phase><Phase PhaseCode="PH22">0.40517</Phase><Phase PhaseCode="PH23">0.039867</Phase><Phase PhaseCode="PH24">0.0043546</Phase><Phase PhaseCode="PH25">0.0</Phase><Phase PhaseCode="PH26">-4.7103</Phase><Phase PhaseCode="PH99">32.684</Phase></Phases></Indicator><Indicator IndicatorCode="IND31"><Phases><Phase PhaseCode="PH14">1872.5</Phase><Phase PhaseCode="PH28">0.0</Phase><Phase PhaseCode="PH27">309.37</Phase><Phase PhaseCode="PH11">1378.6</Phase><Phase PhaseCode="PH12">95.158</Phase><Phase PhaseCode="PH13">1777.3</Phase><Phase PhaseCode="PH15">0.0</Phase><Phase PhaseCode="PH22">225.56</Phase><Phase PhaseCode="PH23">71.857</Phase><Phase PhaseCode="PH24">11.949</Phase><Phase PhaseCode="PH25">0.0</Phase><Phase PhaseCode="PH26">-320.9</Phase><Phase PhaseCode="PH99">3560.4</Phase></Phases></Indicator><Indicator IndicatorCode="IND32"><Phases><Phase PhaseCode="PH14">0.40254</Phase><Phase PhaseCode="PH28">0.0</Phase><Phase PhaseCode="PH27">0.033264</Phase><Phase PhaseCode="PH11">12.839</Phase><Phase PhaseCode="PH12">0.0</Phase><Phase PhaseCode="PH13">0.40254</Phase><Phase PhaseCode="PH15">0.0</Phase><Phase PhaseCode="PH22">0.0</Phase><Phase PhaseCode="PH23">0.0</Phase><Phase PhaseCode="PH24">0.033264</Phase><Phase PhaseCode="PH25">0.0</Phase><Phase PhaseCode="PH26">0.033264</Phase><Phase PhaseCode="PH99">13.275</Phase></Phases></Indicator><Indicator IndicatorCode="IND33"><Phases><Phase PhaseCode="PH14">1872.9</Phase><Phase PhaseCode="PH28">0.0</Phase><Phase PhaseCode="PH27">309.4</Phase><Phase PhaseCode="PH11">1391.4</Phase><Phase PhaseCode="PH12">95.158</Phase><Phase PhaseCode="PH13">1777.7</Phase><Phase PhaseCode="PH15">0.0</Phase><Phase PhaseCode="PH22">225.56</Phase><Phase PhaseCode="PH23">71.857</Phase><Phase PhaseCode="PH24">11.983</Phase><Phase PhaseCode="PH25">0.0</Phase><Phase PhaseCode="PH26">-320.86</Phase><Phase PhaseCode="PH99">3573.7</Phase></Phases></Indicator><Indicator IndicatorCode="IND34"><Phases><Phase PhaseCode="PH14">84.197</Phase><Phase PhaseCode="PH28">0.0</Phase><Phase PhaseCode="PH27">0.001421</Phase><Phase PhaseCode="PH11">11.926</Phase><Phase PhaseCode="PH12">1.4024E-6</Phase><Phase PhaseCode="PH13">84.197</Phase><Phase PhaseCode="PH15">0.0</Phase><Phase PhaseCode="PH22">0.0</Phase><Phase PhaseCode="PH23">1.059E-6</Phase><Phase PhaseCode="PH24">0.0014199</Phase><Phase PhaseCode="PH25">0.0</Phase><Phase PhaseCode="PH26">-63.031</Phase><Phase PhaseCode="PH99">96.124</Phase></Phases></Indicator><Indicator IndicatorCode="IND35"><Phases><Phase PhaseCode="PH14">2.6639</Phase><Phase PhaseCode="PH28">0.0</Phase><Phase PhaseCode="PH27">0.0</Phase><Phase PhaseCode="PH11">88.797</Phase><Phase PhaseCode="PH12">0.0</Phase><Phase PhaseCode="PH13">2.6639</Phase><Phase PhaseCode="PH15">0.0</Phase><Phase PhaseCode="PH22">0.0</Phase><Phase PhaseCode="PH23">0.0</Phase><Phase PhaseCode="PH24">0.0</Phase><Phase PhaseCode="PH25">0.0</Phase><Phase PhaseCode="PH26">0.0</Phase><Phase PhaseCode="PH99">91.461</Phase></Phases></Indicator><Indicator IndicatorCode="IND36"><Phases><Phase PhaseCode="PH14">3.9392</Phase><Phase PhaseCode="PH28">0.0</Phase><Phase PhaseCode="PH27">0.0</Phase><Phase PhaseCode="PH11">131.31</Phase><Phase PhaseCode="PH12">0.0</Phase><Phase PhaseCode="PH13">3.9392</Phase><Phase PhaseCode="PH15">0.0</Phase><Phase PhaseCode="PH22">0.0</Phase><Phase PhaseCode="PH23">0.0</Phase><Phase PhaseCode="PH24">0.0</Phase><Phase PhaseCode="PH25">0.0</Phase><Phase PhaseCode="PH26">0.0</Phase><Phase PhaseCode="PH99">135.25</Phase></Phases></Indicator><Indicator IndicatorCode="IND37"><Phases><Phase PhaseCode="PH14">1.7169</Phase><Phase PhaseCode="PH28">0.0</Phase><Phase PhaseCode="PH27">0.021193</Phase><Phase PhaseCode="PH11">1.009</Phase><Phase PhaseCode="PH12">0.0092737</Phase><Phase PhaseCode="PH13">1.7076</Phase><Phase PhaseCode="PH15">0.0</Phase><Phase PhaseCode="PH22">0.012877</Phase><Phase PhaseCode="PH23">0.0070028</Phase><Phase PhaseCode="PH24">0.0013129</Phase><Phase PhaseCode="PH25">0.0</Phase><Phase PhaseCode="PH26">-1.3318</Phase><Phase PhaseCode="PH99">2.7471</Phase></Phases></Indicator><Indicator IndicatorCode="IND38"><Phases><Phase PhaseCode="PH14">0.019878</Phase><Phase PhaseCode="PH28">0.0</Phase><Phase PhaseCode="PH27">0.009358</Phase><Phase PhaseCode="PH11">0.55531</Phase><Phase PhaseCode="PH12">0.0021282</Phase><Phase PhaseCode="PH13">0.01775</Phase><Phase PhaseCode="PH15">0.0</Phase><Phase PhaseCode="PH22">0.0074889</Phase><Phase PhaseCode="PH23">0.0016071</Phase><Phase PhaseCode="PH24">2.6205E-4</Phase><Phase PhaseCode="PH25">0.0</Phase><Phase PhaseCode="PH26">-0.3285</Phase><Phase PhaseCode="PH99">0.58455</Phase></Phases></Indicator><Indicator IndicatorCode="IND39"><Phases><Phase PhaseCode="PH14">90.826</Phase><Phase PhaseCode="PH28">0.0</Phase><Phase PhaseCode="PH27">601.12</Phase><Phase PhaseCode="PH11">17.533</Phase><Phase PhaseCode="PH12">0.018003</Phase><Phase PhaseCode="PH13">90.808</Phase><Phase PhaseCode="PH15">0.0</Phase><Phase PhaseCode="PH22">0.18664</Phase><Phase PhaseCode="PH23">0.013595</Phase><Phase PhaseCode="PH24">0.0076338</Phase><Phase PhaseCode="PH25">600.91</Phase><Phase PhaseCode="PH26">-1.5232</Phase><Phase PhaseCode="PH99">709.48</Phase></Phases></Indicator><Indicator IndicatorCode="IND40"><Phases><Phase PhaseCode="PH14">0.0024587</Phase><Phase PhaseCode="PH28">0.0</Phase><Phase PhaseCode="PH27">0.0028692</Phase><Phase PhaseCode="PH11">0.011356</Phase><Phase PhaseCode="PH12">0.0015157</Phase><Phase PhaseCode="PH13">9.4296E-4</Phase><Phase PhaseCode="PH15">0.0</Phase><Phase PhaseCode="PH22">0.0015381</Phase><Phase PhaseCode="PH23">0.0011446</Phase><Phase PhaseCode="PH24">1.8647E-4</Phase><Phase PhaseCode="PH25">0.0</Phase><Phase PhaseCode="PH26">-0.0011144</Phase><Phase PhaseCode="PH99">0.016684</Phase></Phases></Indicator><Indicator IndicatorCode="IND41"><Phases><Phase PhaseCode="PH14">0.0</Phase><Phase PhaseCode="PH28">0.0</Phase><Phase PhaseCode="PH27">0.0</Phase><Phase PhaseCode="PH11">0.0</Phase><Phase PhaseCode="PH12">0.0</Phase><Phase PhaseCode="PH13">0.0</Phase><Phase PhaseCode="PH15">0.0</Phase><Phase PhaseCode="PH22">0.0</Phase><Phase PhaseCode="PH23">0.0</Phase><Phase PhaseCode="PH24">0.0</Phase><Phase PhaseCode="PH25">0.0</Phase><Phase PhaseCode="PH26">0.0</Phase><Phase PhaseCode="PH99">0.0</Phase></Phases></Indicator><Indicator IndicatorCode="IND42"><Phases><Phase PhaseCode="PH14">54.115</Phase><Phase PhaseCode="PH28">0.0</Phase><Phase PhaseCode="PH27">1802.7</Phase><Phase PhaseCode="PH11">1.0676</Phase><Phase PhaseCode="PH12">9.787E-5</Phase><Phase PhaseCode="PH13">54.115</Phase><Phase PhaseCode="PH15">0.0</Phase><Phase PhaseCode="PH22">0.0</Phase><Phase PhaseCode="PH23">7.3904E-5</Phase><Phase PhaseCode="PH24">1802.7</Phase><Phase PhaseCode="PH25">0.0</Phase><Phase PhaseCode="PH26">1801.7</Phase><Phase PhaseCode="PH99">1857.9</Phase></Phases></Indicator><Indicator IndicatorCode="IND43"><Phases><Phase PhaseCode="PH14">7.9393E-7</Phase><Phase PhaseCode="PH28">0.0</Phase><Phase PhaseCode="PH27">5.0076E-8</Phase><Phase PhaseCode="PH11">4.2138E-6</Phase><Phase PhaseCode="PH12">5.7467E-8</Phase><Phase PhaseCode="PH13">7.3646E-7</Phase><Phase PhaseCode="PH15">0.0</Phase><Phase PhaseCode="PH22">0.0</Phase><Phase PhaseCode="PH23">4.3395E-8</Phase><Phase PhaseCode="PH24">6.681E-9</Phase><Phase PhaseCode="PH25">0.0</Phase><Phase PhaseCode="PH26">6.681E-9</Phase><Phase PhaseCode="PH99">5.0578E-6</Phase></Phases></Indicator></Indicators><ParentEPDSerialId xmlns=""/></EPDC>