<?xml version="1.0" encoding="UTF-8"?><EPDC><EPDCId>232379_3.1.6_135</EPDCId><Name>Poutre JV</Name><ConfiguratorName>Betie</ConfiguratorName><ConfiguratorCode>1001</ConfiguratorCode><ConfiguratorVersion>3.1.6_135</ConfiguratorVersion><PublicAddress>www.betie.fr</PublicAddress><ParentDataBase>0</ParentDataBase><ParentEPDId>0</ParentEPDId><TLD>100</TLD><Quantity>1</Quantity><UnitId>38</UnitId><FunctionalUnit>Il s'agit d'un mètre linéaire de poteau, de section 0,3x0,2 mètre, de durée de vie 100 ans, assurant les descentes de charge pour le bâtiment considéré.</FunctionalUnit><Standard>2</Standard><ProductionDate>2024-09-23</ProductionDate><Parameters><Parameter><ParameterId>1</ParameterId><Name>Classe de résistance</Name><Value>25</Value><ParamUnitId>39</ParamUnitId></Parameter><Parameter><ParameterId>2</ParameterId><Name>Classe d'exposition</Name><Value>XC1</Value><ParamUnitId>27</ParamUnitId></Parameter><Parameter><ParameterId>3</ParameterId><Name>Type de ciment</Name><Value>CEM II/A-S</Value><ParamUnitId>27</ParamUnitId></Parameter><Parameter><ParameterId>5</ParameterId><Name>Classe de résistance du ciment</Name><Value>52.5</Value><ParamUnitId>27</ParamUnitId></Parameter><Parameter><ParameterId>6</ParameterId><Name>Dmax</Name><Value>20</Value><ParamUnitId>43</ParamUnitId></Parameter><Parameter><ParameterId>7</ParameterId><Name>Consistance</Name><Value>S3</Value><ParamUnitId>27</ParamUnitId></Parameter><Parameter><ParameterId>8</ParameterId><Name>Type de gravier majoritaire</Name><Value>Graviers Massifs</Value><ParamUnitId>27</ParamUnitId></Parameter><Parameter><ParameterId>9</ParameterId><Name>Type de sable majoritaire</Name><Value>Sables Massifs</Value><ParamUnitId>27</ParamUnitId></Parameter><Parameter><ParameterId>10</ParameterId><Name>Type d'eau consommée en centrale</Name><Value>Eau recyclée</Value><ParamUnitId>27</ParamUnitId></Parameter><Parameter><ParameterId>11</ParameterId><Name>Présence de fibres</Name><Value>Non</Value><ParamUnitId>27</ParamUnitId></Parameter><Parameter><ParameterId>110</ParameterId><Name>Transport du béton par route</Name><Value>0.0</Value><ParamUnitId>37</ParamUnitId></Parameter><Parameter><ParameterId>111</ParameterId><Name>Type de projet</Name><Value>Projet identifié</Value><ParamUnitId>27</ParamUnitId></Parameter><Parameter><ParameterId>112</ParameterId><Name>Type d'ouvrage</Name><Value>Poteau rectangulaire</Value><ParamUnitId>27</ParamUnitId></Parameter><Parameter><ParameterId>114</ParameterId><Name>Section a</Name><Value>0.3</Value><ParamUnitId>5</ParamUnitId></Parameter><Parameter><ParameterId>115</ParameterId><Name>Section b</Name><Value>0.2</Value><ParamUnitId>5</ParamUnitId></Parameter><Parameter><ParameterId>117</ParameterId><Name>Déversement direct</Name><Value>0.0</Value><ParamUnitId>12</ParamUnitId></Parameter><Parameter><ParameterId>118</ParameterId><Name>Benne à béton</Name><Value>100.0</Value><ParamUnitId>12</ParamUnitId></Parameter><Parameter><ParameterId>119</ParameterId><Name>Pompage/Tapis</Name><Value>0.0</Value><ParamUnitId>12</ParamUnitId></Parameter><Parameter><ParameterId>120</ParameterId><Name>Quantité d'acier pour les armatures</Name><Value>30.0</Value><ParamUnitId>3</ParamUnitId></Parameter></Parameters><Indicators><Indicator IndicatorCode="IND19"><Phases><Phase PhaseCode="PH14">3.4816</Phase><Phase PhaseCode="PH28">-1.979</Phase><Phase PhaseCode="PH27">0.53991</Phase><Phase PhaseCode="PH11">11.45</Phase><Phase PhaseCode="PH12">0.43962</Phase><Phase PhaseCode="PH13">3.042</Phase><Phase PhaseCode="PH15">-1.979</Phase><Phase PhaseCode="PH22">0.87086</Phase><Phase PhaseCode="PH23">0.32968</Phase><Phase PhaseCode="PH24">0.054619</Phase><Phase PhaseCode="PH25">-0.71525</Phase><Phase PhaseCode="PH26">-0.67654</Phase><Phase PhaseCode="PH99">13.493</Phase></Phases></Indicator><Indicator IndicatorCode="IND20"><Phases><Phase PhaseCode="PH14">4.5119E-7</Phase><Phase PhaseCode="PH28">0.0</Phase><Phase PhaseCode="PH27">4.4164E-7</Phase><Phase PhaseCode="PH11">6.5418E-7</Phase><Phase PhaseCode="PH12">3.1903E-7</Phase><Phase PhaseCode="PH13">1.3216E-7</Phase><Phase PhaseCode="PH15">0.0</Phase><Phase PhaseCode="PH22">1.6349E-7</Phase><Phase PhaseCode="PH23">2.3925E-7</Phase><Phase PhaseCode="PH24">3.8896E-8</Phase><Phase PhaseCode="PH25">0.0</Phase><Phase PhaseCode="PH26">-2.6939E-8</Phase><Phase PhaseCode="PH99">1.547E-6</Phase></Phases></Indicator><Indicator IndicatorCode="IND21"><Phases><Phase PhaseCode="PH14">0.010287</Phase><Phase PhaseCode="PH28">0.0</Phase><Phase PhaseCode="PH27">0.0086284</Phase><Phase PhaseCode="PH11">0.025716</Phase><Phase PhaseCode="PH12">0.0020186</Phase><Phase PhaseCode="PH13">0.0082685</Phase><Phase PhaseCode="PH15">0.0</Phase><Phase PhaseCode="PH22">0.0067173</Phase><Phase PhaseCode="PH23">0.0015138</Phase><Phase PhaseCode="PH24">3.9735E-4</Phase><Phase PhaseCode="PH25">0.0</Phase><Phase PhaseCode="PH26">-0.0020623</Phase><Phase PhaseCode="PH99">0.044632</Phase></Phases></Indicator><Indicator IndicatorCode="IND22"><Phases><Phase PhaseCode="PH14">0.0013806</Phase><Phase PhaseCode="PH28">0.0</Phase><Phase PhaseCode="PH27">0.0018927</Phase><Phase PhaseCode="PH11">0.0038833</Phase><Phase PhaseCode="PH12">4.7443E-4</Phase><Phase PhaseCode="PH13">9.0613E-4</Phase><Phase PhaseCode="PH15">0.0</Phase><Phase PhaseCode="PH22">0.0014509</Phase><Phase PhaseCode="PH23">3.5578E-4</Phase><Phase PhaseCode="PH24">8.5682E-5</Phase><Phase PhaseCode="PH25">2.976E-7</Phase><Phase PhaseCode="PH26">-4.3154E-4</Phase><Phase PhaseCode="PH99">0.0071565</Phase></Phases></Indicator><Indicator IndicatorCode="IND23"><Phases><Phase PhaseCode="PH14">0.0017263</Phase><Phase PhaseCode="PH28">0.0</Phase><Phase PhaseCode="PH27">4.0909E-4</Phase><Phase PhaseCode="PH11">0.0013508</Phase><Phase PhaseCode="PH12">3.1475E-4</Phase><Phase PhaseCode="PH13">0.0014116</Phase><Phase PhaseCode="PH15">0.0</Phase><Phase PhaseCode="PH22">1.6042E-4</Phase><Phase PhaseCode="PH23">2.3604E-4</Phase><Phase PhaseCode="PH24">1.263E-5</Phase><Phase PhaseCode="PH25">0.0</Phase><Phase PhaseCode="PH26">-3.3679E-4</Phase><Phase PhaseCode="PH99">0.0034862</Phase></Phases></Indicator><Indicator IndicatorCode="IND24"><Phases><Phase PhaseCode="PH14">1.3115E-7</Phase><Phase PhaseCode="PH28">0.0</Phase><Phase PhaseCode="PH27">3.4597E-9</Phase><Phase PhaseCode="PH11">1.7627E-6</Phase><Phase PhaseCode="PH12">6.2358E-10</Phase><Phase PhaseCode="PH13">1.3053E-7</Phase><Phase PhaseCode="PH15">0.0</Phase><Phase PhaseCode="PH22">2.8936E-9</Phase><Phase PhaseCode="PH23">4.6763E-10</Phase><Phase PhaseCode="PH24">9.8514E-11</Phase><Phase PhaseCode="PH25">0.0</Phase><Phase PhaseCode="PH26">-1.1169E-6</Phase><Phase PhaseCode="PH99">1.8973E-6</Phase></Phases></Indicator><Indicator IndicatorCode="IND25"><Phases><Phase PhaseCode="PH14">39.522</Phase><Phase PhaseCode="PH28">0.0</Phase><Phase PhaseCode="PH27">17.377</Phase><Phase PhaseCode="PH11">37.796</Phase><Phase PhaseCode="PH12">5.6184</Phase><Phase PhaseCode="PH13">33.904</Phase><Phase PhaseCode="PH15">0.0</Phase><Phase PhaseCode="PH22">12.457</Phase><Phase PhaseCode="PH23">4.2133</Phase><Phase PhaseCode="PH24">0.70706</Phase><Phase PhaseCode="PH25">0.0</Phase><Phase PhaseCode="PH26">-8.0188</Phase><Phase PhaseCode="PH99">94.696</Phase></Phases></Indicator><Indicator IndicatorCode="IND27"><Phases><Phase PhaseCode="PH14">5.5281</Phase><Phase PhaseCode="PH28">0.0</Phase><Phase PhaseCode="PH27">96.856</Phase><Phase PhaseCode="PH11">9.526</Phase><Phase PhaseCode="PH12">0.12528</Phase><Phase PhaseCode="PH13">5.4028</Phase><Phase PhaseCode="PH15">0.0</Phase><Phase PhaseCode="PH22">96.762</Phase><Phase PhaseCode="PH23">0.093947</Phase><Phase PhaseCode="PH24">0.0</Phase><Phase PhaseCode="PH25">0.0</Phase><Phase PhaseCode="PH26">-0.14598</Phase><Phase PhaseCode="PH99">111.91</Phase></Phases></Indicator><Indicator IndicatorCode="IND26"><Phases><Phase PhaseCode="PH14">394.9</Phase><Phase PhaseCode="PH28">0.0</Phase><Phase PhaseCode="PH27">21.347</Phase><Phase PhaseCode="PH11">285.94</Phase><Phase PhaseCode="PH12">28.028</Phase><Phase PhaseCode="PH13">366.87</Phase><Phase PhaseCode="PH15">0.0</Phase><Phase PhaseCode="PH22">0.32823</Phase><Phase PhaseCode="PH23">21.019</Phase><Phase PhaseCode="PH24">0.0</Phase><Phase PhaseCode="PH25">0.0</Phase><Phase PhaseCode="PH26">-251.18</Phase><Phase PhaseCode="PH99">702.19</Phase></Phases></Indicator><Indicator IndicatorCode="IND28"><Phases><Phase PhaseCode="PH14">0.089801</Phase><Phase PhaseCode="PH28">0.0</Phase><Phase PhaseCode="PH27">0.026945</Phase><Phase PhaseCode="PH11">1.7406</Phase><Phase PhaseCode="PH12">0.0031677</Phase><Phase PhaseCode="PH13">0.086633</Phase><Phase PhaseCode="PH15">0.0</Phase><Phase PhaseCode="PH22">0.02431</Phase><Phase PhaseCode="PH23">0.0023755</Phase><Phase PhaseCode="PH24">2.5947E-4</Phase><Phase PhaseCode="PH25">0.0</Phase><Phase PhaseCode="PH26">-0.28066</Phase><Phase PhaseCode="PH99">1.8573</Phase></Phases></Indicator><Indicator IndicatorCode="IND29"><Phases><Phase PhaseCode="PH14">9.5395E-5</Phase><Phase PhaseCode="PH28">0.0</Phase><Phase PhaseCode="PH27">0.0</Phase><Phase PhaseCode="PH11">5.4493E-4</Phase><Phase PhaseCode="PH12">0.0</Phase><Phase PhaseCode="PH13">9.5395E-5</Phase><Phase PhaseCode="PH15">0.0</Phase><Phase PhaseCode="PH22">0.0</Phase><Phase PhaseCode="PH23">0.0</Phase><Phase PhaseCode="PH24">0.0</Phase><Phase PhaseCode="PH25">0.0</Phase><Phase PhaseCode="PH26">0.0</Phase><Phase PhaseCode="PH99">6.4032E-4</Phase></Phases></Indicator><Indicator IndicatorCode="IND30"><Phases><Phase PhaseCode="PH14">0.089896</Phase><Phase PhaseCode="PH28">0.0</Phase><Phase PhaseCode="PH27">0.026945</Phase><Phase PhaseCode="PH11">1.7412</Phase><Phase PhaseCode="PH12">0.0031677</Phase><Phase PhaseCode="PH13">0.086728</Phase><Phase PhaseCode="PH15">0.0</Phase><Phase PhaseCode="PH22">0.02431</Phase><Phase PhaseCode="PH23">0.0023755</Phase><Phase PhaseCode="PH24">2.5947E-4</Phase><Phase PhaseCode="PH25">0.0</Phase><Phase PhaseCode="PH26">-0.28066</Phase><Phase PhaseCode="PH99">1.858</Phase></Phases></Indicator><Indicator IndicatorCode="IND31"><Phases><Phase PhaseCode="PH14">38.767</Phase><Phase PhaseCode="PH28">0.0</Phase><Phase PhaseCode="PH27">18.527</Phase><Phase PhaseCode="PH11">80.479</Phase><Phase PhaseCode="PH12">5.7095</Phase><Phase PhaseCode="PH13">33.058</Phase><Phase PhaseCode="PH15">0.0</Phase><Phase PhaseCode="PH22">13.533</Phase><Phase PhaseCode="PH23">4.2816</Phase><Phase PhaseCode="PH24">0.71201</Phase><Phase PhaseCode="PH25">0.0</Phase><Phase PhaseCode="PH26">-11.408</Phase><Phase PhaseCode="PH99">137.77</Phase></Phases></Indicator><Indicator IndicatorCode="IND32"><Phases><Phase PhaseCode="PH14">0.01027</Phase><Phase PhaseCode="PH28">0.0</Phase><Phase PhaseCode="PH27">0.001982</Phase><Phase PhaseCode="PH11">0.30757</Phase><Phase PhaseCode="PH12">0.0</Phase><Phase PhaseCode="PH13">0.01027</Phase><Phase PhaseCode="PH15">0.0</Phase><Phase PhaseCode="PH22">0.0</Phase><Phase PhaseCode="PH23">0.0</Phase><Phase PhaseCode="PH24">0.001982</Phase><Phase PhaseCode="PH25">0.0</Phase><Phase PhaseCode="PH26">0.001982</Phase><Phase PhaseCode="PH99">0.31982</Phase></Phases></Indicator><Indicator IndicatorCode="IND33"><Phases><Phase PhaseCode="PH14">38.777</Phase><Phase PhaseCode="PH28">0.0</Phase><Phase PhaseCode="PH27">18.529</Phase><Phase PhaseCode="PH11">80.787</Phase><Phase PhaseCode="PH12">5.7095</Phase><Phase PhaseCode="PH13">33.068</Phase><Phase PhaseCode="PH15">0.0</Phase><Phase PhaseCode="PH22">13.533</Phase><Phase PhaseCode="PH23">4.2816</Phase><Phase PhaseCode="PH24">0.71399</Phase><Phase PhaseCode="PH25">0.0</Phase><Phase PhaseCode="PH26">-11.406</Phase><Phase PhaseCode="PH99">138.09</Phase></Phases></Indicator><Indicator IndicatorCode="IND34"><Phases><Phase PhaseCode="PH14">1.2849</Phase><Phase PhaseCode="PH28">0.0</Phase><Phase PhaseCode="PH27">8.4672E-5</Phase><Phase PhaseCode="PH11">0.55653</Phase><Phase PhaseCode="PH12">8.4142E-8</Phase><Phase PhaseCode="PH13">1.2849</Phase><Phase PhaseCode="PH15">0.0</Phase><Phase PhaseCode="PH22">0.0</Phase><Phase PhaseCode="PH23">6.3099E-8</Phase><Phase PhaseCode="PH24">8.4609E-5</Phase><Phase PhaseCode="PH25">0.0</Phase><Phase PhaseCode="PH26">-0.96408</Phase><Phase PhaseCode="PH99">1.8415</Phase></Phases></Indicator><Indicator IndicatorCode="IND35"><Phases><Phase PhaseCode="PH14">0.22384</Phase><Phase PhaseCode="PH28">0.0</Phase><Phase PhaseCode="PH27">0.0</Phase><Phase PhaseCode="PH11">7.4615</Phase><Phase PhaseCode="PH12">0.0</Phase><Phase PhaseCode="PH13">0.22384</Phase><Phase PhaseCode="PH15">0.0</Phase><Phase PhaseCode="PH22">0.0</Phase><Phase PhaseCode="PH23">0.0</Phase><Phase PhaseCode="PH24">0.0</Phase><Phase PhaseCode="PH25">0.0</Phase><Phase PhaseCode="PH26">0.0</Phase><Phase PhaseCode="PH99">7.6853</Phase></Phases></Indicator><Indicator IndicatorCode="IND36"><Phases><Phase PhaseCode="PH14">0.33101</Phase><Phase PhaseCode="PH28">0.0</Phase><Phase PhaseCode="PH27">0.0</Phase><Phase PhaseCode="PH11">11.034</Phase><Phase PhaseCode="PH12">0.0</Phase><Phase PhaseCode="PH13">0.33101</Phase><Phase PhaseCode="PH15">0.0</Phase><Phase PhaseCode="PH22">0.0</Phase><Phase PhaseCode="PH23">0.0</Phase><Phase PhaseCode="PH24">0.0</Phase><Phase PhaseCode="PH25">0.0</Phase><Phase PhaseCode="PH26">0.0</Phase><Phase PhaseCode="PH99">11.365</Phase></Phases></Indicator><Indicator IndicatorCode="IND37"><Phases><Phase PhaseCode="PH14">0.028921</Phase><Phase PhaseCode="PH28">0.0</Phase><Phase PhaseCode="PH27">0.0012681</Phase><Phase PhaseCode="PH11">0.05306</Phase><Phase PhaseCode="PH12">5.5642E-4</Phase><Phase PhaseCode="PH13">0.028365</Phase><Phase PhaseCode="PH15">0.0</Phase><Phase PhaseCode="PH22">7.726E-4</Phase><Phase PhaseCode="PH23">4.1727E-4</Phase><Phase PhaseCode="PH24">7.823E-5</Phase><Phase PhaseCode="PH25">0.0</Phase><Phase PhaseCode="PH26">-0.024583</Phase><Phase PhaseCode="PH99">0.08325</Phase></Phases></Indicator><Indicator IndicatorCode="IND38"><Phases><Phase PhaseCode="PH14">0.001049</Phase><Phase PhaseCode="PH28">0.0</Phase><Phase PhaseCode="PH27">5.6071E-4</Phase><Phase PhaseCode="PH11">0.028532</Phase><Phase PhaseCode="PH12">1.2769E-4</Phase><Phase PhaseCode="PH13">9.2135E-4</Phase><Phase PhaseCode="PH15">0.0</Phase><Phase PhaseCode="PH22">4.4934E-4</Phase><Phase PhaseCode="PH23">9.5758E-5</Phase><Phase PhaseCode="PH24">1.5614E-5</Phase><Phase PhaseCode="PH25">0.0</Phase><Phase PhaseCode="PH26">-0.019574</Phase><Phase PhaseCode="PH99">0.030142</Phase></Phases></Indicator><Indicator IndicatorCode="IND39"><Phases><Phase PhaseCode="PH14">5.3992</Phase><Phase PhaseCode="PH28">0.0</Phase><Phase PhaseCode="PH27">35.818</Phase><Phase PhaseCode="PH11">0.617</Phase><Phase PhaseCode="PH12">0.0010802</Phase><Phase PhaseCode="PH13">5.3981</Phase><Phase PhaseCode="PH15">0.0</Phase><Phase PhaseCode="PH22">0.011199</Phase><Phase PhaseCode="PH23">8.1006E-4</Phase><Phase PhaseCode="PH24">4.5486E-4</Phase><Phase PhaseCode="PH25">35.806</Phase><Phase PhaseCode="PH26">-0.090758</Phase><Phase PhaseCode="PH99">41.835</Phase></Phases></Indicator><Indicator IndicatorCode="IND40"><Phases><Phase PhaseCode="PH14">1.4559E-4</Phase><Phase PhaseCode="PH28">0.0</Phase><Phase PhaseCode="PH27">1.716E-4</Phase><Phase PhaseCode="PH11">6.1734E-4</Phase><Phase PhaseCode="PH12">9.0945E-5</Phase><Phase PhaseCode="PH13">5.4641E-5</Phase><Phase PhaseCode="PH15">0.0</Phase><Phase PhaseCode="PH22">9.2287E-5</Phase><Phase PhaseCode="PH23">6.8201E-5</Phase><Phase PhaseCode="PH24">1.1111E-5</Phase><Phase PhaseCode="PH25">0.0</Phase><Phase PhaseCode="PH26">-6.6404E-5</Phase><Phase PhaseCode="PH99">9.3452E-4</Phase></Phases></Indicator><Indicator IndicatorCode="IND41"><Phases><Phase PhaseCode="PH14">0.0</Phase><Phase PhaseCode="PH28">0.0</Phase><Phase PhaseCode="PH27">0.0</Phase><Phase PhaseCode="PH11">0.0</Phase><Phase PhaseCode="PH12">0.0</Phase><Phase PhaseCode="PH13">0.0</Phase><Phase PhaseCode="PH15">0.0</Phase><Phase PhaseCode="PH22">0.0</Phase><Phase PhaseCode="PH23">0.0</Phase><Phase PhaseCode="PH24">0.0</Phase><Phase PhaseCode="PH25">0.0</Phase><Phase PhaseCode="PH26">0.0</Phase><Phase PhaseCode="PH99">0.0</Phase></Phases></Indicator><Indicator IndicatorCode="IND42"><Phases><Phase PhaseCode="PH14">3.225</Phase><Phase PhaseCode="PH28">0.0</Phase><Phase PhaseCode="PH27">107.42</Phase><Phase PhaseCode="PH11">0.08198</Phase><Phase PhaseCode="PH12">5.8722E-6</Phase><Phase PhaseCode="PH13">3.225</Phase><Phase PhaseCode="PH15">0.0</Phase><Phase PhaseCode="PH22">0.0</Phase><Phase PhaseCode="PH23">4.4036E-6</Phase><Phase PhaseCode="PH24">107.42</Phase><Phase PhaseCode="PH25">0.0</Phase><Phase PhaseCode="PH26">107.36</Phase><Phase PhaseCode="PH99">110.73</Phase></Phases></Indicator><Indicator IndicatorCode="IND43"><Phases><Phase PhaseCode="PH14">4.7572E-8</Phase><Phase PhaseCode="PH28">0.0</Phase><Phase PhaseCode="PH27">2.9838E-9</Phase><Phase PhaseCode="PH11">2.5074E-7</Phase><Phase PhaseCode="PH12">3.448E-9</Phase><Phase PhaseCode="PH13">4.4124E-8</Phase><Phase PhaseCode="PH15">0.0</Phase><Phase PhaseCode="PH22">0.0</Phase><Phase PhaseCode="PH23">2.5857E-9</Phase><Phase PhaseCode="PH24">3.9809E-10</Phase><Phase PhaseCode="PH25">0.0</Phase><Phase PhaseCode="PH26">3.9809E-10</Phase><Phase PhaseCode="PH99">3.013E-7</Phase></Phases></Indicator></Indicators><ParentEPDSerialId xmlns=""/></EPDC>