<?xml version="1.0" encoding="UTF-8"?><EPDC><EPDCId>231280_3.1.6_135</EPDCId><Name>Poutres BA- JV - 249kg/m3 - XC1 -CEMIIIA</Name><ConfiguratorName>Betie</ConfiguratorName><ConfiguratorCode>1001</ConfiguratorCode><ConfiguratorVersion>3.1.6_135</ConfiguratorVersion><PublicAddress>www.betie.fr</PublicAddress><ParentDataBase>0</ParentDataBase><ParentEPDId>0</ParentEPDId><TLD>100</TLD><Quantity>1</Quantity><UnitId>38</UnitId><FunctionalUnit>Il s'agit d'un mètre linéaire de poutre, de largeur 1 mètre et de hauteur 1 mètre, de durée de vie 100 ans, supportant les charges et autres éléments de planchers pour le bâtiment considéré.</FunctionalUnit><Standard>2</Standard><ProductionDate>2024-09-09</ProductionDate><Parameters><Parameter><ParameterId>1</ParameterId><Name>Classe de résistance</Name><Value>30</Value><ParamUnitId>39</ParamUnitId></Parameter><Parameter><ParameterId>2</ParameterId><Name>Classe d'exposition</Name><Value>XC1</Value><ParamUnitId>27</ParamUnitId></Parameter><Parameter><ParameterId>3</ParameterId><Name>Type de ciment</Name><Value>CEM III/A</Value><ParamUnitId>27</ParamUnitId></Parameter><Parameter><ParameterId>5</ParameterId><Name>Classe de résistance du ciment</Name><Value>52.5</Value><ParamUnitId>27</ParamUnitId></Parameter><Parameter><ParameterId>6</ParameterId><Name>Dmax</Name><Value>20</Value><ParamUnitId>43</ParamUnitId></Parameter><Parameter><ParameterId>7</ParameterId><Name>Consistance</Name><Value>S3</Value><ParamUnitId>27</ParamUnitId></Parameter><Parameter><ParameterId>8</ParameterId><Name>Type de gravier majoritaire</Name><Value>Graviers Massifs</Value><ParamUnitId>27</ParamUnitId></Parameter><Parameter><ParameterId>9</ParameterId><Name>Type de sable majoritaire</Name><Value>Sables Alluvionnaires</Value><ParamUnitId>27</ParamUnitId></Parameter><Parameter><ParameterId>10</ParameterId><Name>Type d'eau consommée en centrale</Name><Value>Eau recyclée</Value><ParamUnitId>27</ParamUnitId></Parameter><Parameter><ParameterId>11</ParameterId><Name>Présence de fibres</Name><Value>Non</Value><ParamUnitId>27</ParamUnitId></Parameter><Parameter><ParameterId>110</ParameterId><Name>Transport du béton par route</Name><Value>0.0</Value><ParamUnitId>37</ParamUnitId></Parameter><Parameter><ParameterId>111</ParameterId><Name>Type de projet</Name><Value>Projet identifié</Value><ParamUnitId>27</ParamUnitId></Parameter><Parameter><ParameterId>112</ParameterId><Name>Type d'ouvrage</Name><Value>Poutre</Value><ParamUnitId>27</ParamUnitId></Parameter><Parameter><ParameterId>117</ParameterId><Name>Déversement direct</Name><Value>0.0</Value><ParamUnitId>12</ParamUnitId></Parameter><Parameter><ParameterId>118</ParameterId><Name>Benne à béton</Name><Value>100.0</Value><ParamUnitId>12</ParamUnitId></Parameter><Parameter><ParameterId>119</ParameterId><Name>Pompage/Tapis</Name><Value>0.0</Value><ParamUnitId>12</ParamUnitId></Parameter><Parameter><ParameterId>120</ParameterId><Name>Quantité d'acier pour les armatures</Name><Value>249.0</Value><ParamUnitId>3</ParamUnitId></Parameter></Parameters><Indicators><Indicator IndicatorCode="IND19"><Phases><Phase PhaseCode="PH14">330.62</Phase><Phase PhaseCode="PH28">-4.8414</Phase><Phase PhaseCode="PH27">9.8472</Phase><Phase PhaseCode="PH11">137.05</Phase><Phase PhaseCode="PH12">7.327</Phase><Phase PhaseCode="PH13">323.29</Phase><Phase PhaseCode="PH15">-4.8414</Phase><Phase PhaseCode="PH22">14.514</Phase><Phase PhaseCode="PH23">5.5386</Phase><Phase PhaseCode="PH24">0.91759</Phase><Phase PhaseCode="PH25">-11.123</Phase><Phase PhaseCode="PH26">-47.247</Phase><Phase PhaseCode="PH99">472.67</Phase></Phases></Indicator><Indicator IndicatorCode="IND20"><Phases><Phase PhaseCode="PH14">7.5171E-6</Phase><Phase PhaseCode="PH28">0.0</Phase><Phase PhaseCode="PH27">7.3975E-6</Phase><Phase PhaseCode="PH11">1.0771E-5</Phase><Phase PhaseCode="PH12">5.3172E-6</Phase><Phase PhaseCode="PH13">2.1999E-6</Phase><Phase PhaseCode="PH15">0.0</Phase><Phase PhaseCode="PH22">2.7248E-6</Phase><Phase PhaseCode="PH23">4.0193E-6</Phase><Phase PhaseCode="PH24">6.5344E-7</Phase><Phase PhaseCode="PH25">0.0</Phase><Phase PhaseCode="PH26">-4.5257E-7</Phase><Phase PhaseCode="PH99">2.5686E-5</Phase></Phases></Indicator><Indicator IndicatorCode="IND21"><Phases><Phase PhaseCode="PH14">0.87407</Phase><Phase PhaseCode="PH28">0.0</Phase><Phase PhaseCode="PH27">0.14407</Phase><Phase PhaseCode="PH11">0.33397</Phase><Phase PhaseCode="PH12">0.033643</Phase><Phase PhaseCode="PH13">0.84043</Phase><Phase PhaseCode="PH15">0.0</Phase><Phase PhaseCode="PH22">0.11196</Phase><Phase PhaseCode="PH23">0.025431</Phase><Phase PhaseCode="PH24">0.0066754</Phase><Phase PhaseCode="PH25">0.0</Phase><Phase PhaseCode="PH26">-0.10161</Phase><Phase PhaseCode="PH99">1.3521</Phase></Phases></Indicator><Indicator IndicatorCode="IND22"><Phases><Phase PhaseCode="PH14">0.084088</Phase><Phase PhaseCode="PH28">0.0</Phase><Phase PhaseCode="PH27">0.031602</Phase><Phase PhaseCode="PH11">0.053983</Phase><Phase PhaseCode="PH12">0.0079072</Phase><Phase PhaseCode="PH13">0.076181</Phase><Phase PhaseCode="PH15">0.0</Phase><Phase PhaseCode="PH22">0.024181</Phase><Phase PhaseCode="PH23">0.0059771</Phase><Phase PhaseCode="PH24">0.0014394</Phase><Phase PhaseCode="PH25">4.9997E-6</Phase><Phase PhaseCode="PH26">-0.012691</Phase><Phase PhaseCode="PH99">0.16967</Phase></Phases></Indicator><Indicator IndicatorCode="IND23"><Phases><Phase PhaseCode="PH14">0.16483</Phase><Phase PhaseCode="PH28">0.0</Phase><Phase PhaseCode="PH27">0.0068512</Phase><Phase PhaseCode="PH11">0.02276</Phase><Phase PhaseCode="PH12">0.0052458</Phase><Phase PhaseCode="PH13">0.15958</Phase><Phase PhaseCode="PH15">0.0</Phase><Phase PhaseCode="PH22">0.0026736</Phase><Phase PhaseCode="PH23">0.0039654</Phase><Phase PhaseCode="PH24">2.1218E-4</Phase><Phase PhaseCode="PH25">0.0</Phase><Phase PhaseCode="PH26">-0.027419</Phase><Phase PhaseCode="PH99">0.19444</Phase></Phases></Indicator><Indicator IndicatorCode="IND24"><Phases><Phase PhaseCode="PH14">1.0406E-5</Phase><Phase PhaseCode="PH28">0.0</Phase><Phase PhaseCode="PH27">5.7737E-8</Phase><Phase PhaseCode="PH11">3.9434E-5</Phase><Phase PhaseCode="PH12">1.0393E-8</Phase><Phase PhaseCode="PH13">1.0396E-5</Phase><Phase PhaseCode="PH15">0.0</Phase><Phase PhaseCode="PH22">4.8226E-8</Phase><Phase PhaseCode="PH23">7.8561E-9</Phase><Phase PhaseCode="PH24">1.655E-9</Phase><Phase PhaseCode="PH25">0.0</Phase><Phase PhaseCode="PH26">-2.0418E-5</Phase><Phase PhaseCode="PH99">4.9898E-5</Phase></Phases></Indicator><Indicator IndicatorCode="IND25"><Phases><Phase PhaseCode="PH14">3974.9</Phase><Phase PhaseCode="PH28">0.0</Phase><Phase PhaseCode="PH27">290.28</Phase><Phase PhaseCode="PH11">703.66</Phase><Phase PhaseCode="PH12">93.64</Phase><Phase PhaseCode="PH13">3881.3</Phase><Phase PhaseCode="PH15">0.0</Phase><Phase PhaseCode="PH22">207.62</Phase><Phase PhaseCode="PH23">70.783</Phase><Phase PhaseCode="PH24">11.878</Phase><Phase PhaseCode="PH25">0.0</Phase><Phase PhaseCode="PH26">-521.06</Phase><Phase PhaseCode="PH99">4968.9</Phase></Phases></Indicator><Indicator IndicatorCode="IND27"><Phases><Phase PhaseCode="PH14">101.32</Phase><Phase PhaseCode="PH28">0.0</Phase><Phase PhaseCode="PH27">1614.3</Phase><Phase PhaseCode="PH11">160.29</Phase><Phase PhaseCode="PH12">2.088</Phase><Phase PhaseCode="PH13">99.232</Phase><Phase PhaseCode="PH15">0.0</Phase><Phase PhaseCode="PH22">1612.7</Phase><Phase PhaseCode="PH23">1.5783</Phase><Phase PhaseCode="PH24">0.0</Phase><Phase PhaseCode="PH25">0.0</Phase><Phase PhaseCode="PH26">-2.1923</Phase><Phase PhaseCode="PH99">1875.9</Phase></Phases></Indicator><Indicator IndicatorCode="IND26"><Phases><Phase PhaseCode="PH14">43848.0</Phase><Phase PhaseCode="PH28">0.0</Phase><Phase PhaseCode="PH27">358.58</Phase><Phase PhaseCode="PH11">3771.3</Phase><Phase PhaseCode="PH12">467.14</Phase><Phase PhaseCode="PH13">43381.0</Phase><Phase PhaseCode="PH15">0.0</Phase><Phase PhaseCode="PH22">5.4705</Phase><Phase PhaseCode="PH23">353.11</Phase><Phase PhaseCode="PH24">0.0</Phase><Phase PhaseCode="PH25">0.0</Phase><Phase PhaseCode="PH26">-12447.0</Phase><Phase PhaseCode="PH99">47978.0</Phase></Phases></Indicator><Indicator IndicatorCode="IND28"><Phases><Phase PhaseCode="PH14">1.3991</Phase><Phase PhaseCode="PH28">0.0</Phase><Phase PhaseCode="PH27">0.44944</Phase><Phase PhaseCode="PH11">25.758</Phase><Phase PhaseCode="PH12">0.052795</Phase><Phase PhaseCode="PH13">1.3463</Phase><Phase PhaseCode="PH15">0.0</Phase><Phase PhaseCode="PH22">0.40517</Phase><Phase PhaseCode="PH23">0.039908</Phase><Phase PhaseCode="PH24">0.0043591</Phase><Phase PhaseCode="PH25">0.0</Phase><Phase PhaseCode="PH26">-4.7151</Phase><Phase PhaseCode="PH99">27.607</Phase></Phases></Indicator><Indicator IndicatorCode="IND29"><Phases><Phase PhaseCode="PH14">0.0015902</Phase><Phase PhaseCode="PH28">0.0</Phase><Phase PhaseCode="PH27">0.0</Phase><Phase PhaseCode="PH11">0.0090906</Phase><Phase PhaseCode="PH12">0.0</Phase><Phase PhaseCode="PH13">0.0015902</Phase><Phase PhaseCode="PH15">0.0</Phase><Phase PhaseCode="PH22">0.0</Phase><Phase PhaseCode="PH23">0.0</Phase><Phase PhaseCode="PH24">0.0</Phase><Phase PhaseCode="PH25">0.0</Phase><Phase PhaseCode="PH26">0.0</Phase><Phase PhaseCode="PH99">0.010681</Phase></Phases></Indicator><Indicator IndicatorCode="IND30"><Phases><Phase PhaseCode="PH14">1.4007</Phase><Phase PhaseCode="PH28">0.0</Phase><Phase PhaseCode="PH27">0.44944</Phase><Phase PhaseCode="PH11">25.767</Phase><Phase PhaseCode="PH12">0.052795</Phase><Phase PhaseCode="PH13">1.3479</Phase><Phase PhaseCode="PH15">0.0</Phase><Phase PhaseCode="PH22">0.40517</Phase><Phase PhaseCode="PH23">0.039908</Phase><Phase PhaseCode="PH24">0.0043591</Phase><Phase PhaseCode="PH25">0.0</Phase><Phase PhaseCode="PH26">-4.7151</Phase><Phase PhaseCode="PH99">27.617</Phase></Phases></Indicator><Indicator IndicatorCode="IND31"><Phases><Phase PhaseCode="PH14">3666.2</Phase><Phase PhaseCode="PH28">0.0</Phase><Phase PhaseCode="PH27">309.45</Phase><Phase PhaseCode="PH11">1180.2</Phase><Phase PhaseCode="PH12">95.158</Phase><Phase PhaseCode="PH13">3571.0</Phase><Phase PhaseCode="PH15">0.0</Phase><Phase PhaseCode="PH22">225.56</Phase><Phase PhaseCode="PH23">71.931</Phase><Phase PhaseCode="PH24">11.962</Phase><Phase PhaseCode="PH25">0.0</Phase><Phase PhaseCode="PH26">-528.94</Phase><Phase PhaseCode="PH99">5155.8</Phase></Phases></Indicator><Indicator IndicatorCode="IND32"><Phases><Phase PhaseCode="PH14">0.18274</Phase><Phase PhaseCode="PH28">0.0</Phase><Phase PhaseCode="PH27">0.033298</Phase><Phase PhaseCode="PH11">5.5118</Phase><Phase PhaseCode="PH12">0.0</Phase><Phase PhaseCode="PH13">0.18274</Phase><Phase PhaseCode="PH15">0.0</Phase><Phase PhaseCode="PH22">0.0</Phase><Phase PhaseCode="PH23">0.0</Phase><Phase PhaseCode="PH24">0.033298</Phase><Phase PhaseCode="PH25">0.0</Phase><Phase PhaseCode="PH26">0.033298</Phase><Phase PhaseCode="PH99">5.7278</Phase></Phases></Indicator><Indicator IndicatorCode="IND33"><Phases><Phase PhaseCode="PH14">3666.4</Phase><Phase PhaseCode="PH28">0.0</Phase><Phase PhaseCode="PH27">309.49</Phase><Phase PhaseCode="PH11">1185.7</Phase><Phase PhaseCode="PH12">95.158</Phase><Phase PhaseCode="PH13">3571.2</Phase><Phase PhaseCode="PH15">0.0</Phase><Phase PhaseCode="PH22">225.56</Phase><Phase PhaseCode="PH23">71.931</Phase><Phase PhaseCode="PH24">11.995</Phase><Phase PhaseCode="PH25">0.0</Phase><Phase PhaseCode="PH26">-528.91</Phase><Phase PhaseCode="PH99">5161.5</Phase></Phases></Indicator><Indicator IndicatorCode="IND34"><Phases><Phase PhaseCode="PH14">174.21</Phase><Phase PhaseCode="PH28">0.0</Phase><Phase PhaseCode="PH27">0.0014225</Phase><Phase PhaseCode="PH11">10.14</Phase><Phase PhaseCode="PH12">1.4024E-6</Phase><Phase PhaseCode="PH13">174.21</Phase><Phase PhaseCode="PH15">0.0</Phase><Phase PhaseCode="PH22">0.0</Phase><Phase PhaseCode="PH23">1.0601E-6</Phase><Phase PhaseCode="PH24">0.0014214</Phase><Phase PhaseCode="PH25">0.0</Phase><Phase PhaseCode="PH26">-130.58</Phase><Phase PhaseCode="PH99">184.35</Phase></Phases></Indicator><Indicator IndicatorCode="IND35"><Phases><Phase PhaseCode="PH14">2.2603</Phase><Phase PhaseCode="PH28">0.0</Phase><Phase PhaseCode="PH27">0.0</Phase><Phase PhaseCode="PH11">75.343</Phase><Phase PhaseCode="PH12">0.0</Phase><Phase PhaseCode="PH13">2.2603</Phase><Phase PhaseCode="PH15">0.0</Phase><Phase PhaseCode="PH22">0.0</Phase><Phase PhaseCode="PH23">0.0</Phase><Phase PhaseCode="PH24">0.0</Phase><Phase PhaseCode="PH25">0.0</Phase><Phase PhaseCode="PH26">0.0</Phase><Phase PhaseCode="PH99">77.603</Phase></Phases></Indicator><Indicator IndicatorCode="IND36"><Phases><Phase PhaseCode="PH14">3.3424</Phase><Phase PhaseCode="PH28">0.0</Phase><Phase PhaseCode="PH27">0.0</Phase><Phase PhaseCode="PH11">111.41</Phase><Phase PhaseCode="PH12">0.0</Phase><Phase PhaseCode="PH13">3.3424</Phase><Phase PhaseCode="PH15">0.0</Phase><Phase PhaseCode="PH22">0.0</Phase><Phase PhaseCode="PH23">0.0</Phase><Phase PhaseCode="PH24">0.0</Phase><Phase PhaseCode="PH25">0.0</Phase><Phase PhaseCode="PH26">0.0</Phase><Phase PhaseCode="PH99">114.75</Phase></Phases></Indicator><Indicator IndicatorCode="IND37"><Phases><Phase PhaseCode="PH14">3.5026</Phase><Phase PhaseCode="PH28">0.0</Phase><Phase PhaseCode="PH27">0.021201</Phase><Phase PhaseCode="PH11">0.93939</Phase><Phase PhaseCode="PH12">0.0092737</Phase><Phase PhaseCode="PH13">3.4933</Phase><Phase PhaseCode="PH15">0.0</Phase><Phase PhaseCode="PH22">0.012877</Phase><Phase PhaseCode="PH23">0.00701</Phase><Phase PhaseCode="PH24">0.0013143</Phase><Phase PhaseCode="PH25">0.0</Phase><Phase PhaseCode="PH26">-2.6725</Phase><Phase PhaseCode="PH99">4.4632</Phase></Phases></Indicator><Indicator IndicatorCode="IND38"><Phases><Phase PhaseCode="PH14">0.019177</Phase><Phase PhaseCode="PH28">0.0</Phase><Phase PhaseCode="PH27">0.0093599</Phase><Phase PhaseCode="PH11">0.53196</Phase><Phase PhaseCode="PH12">0.0021282</Phase><Phase PhaseCode="PH13">0.017049</Phase><Phase PhaseCode="PH15">0.0</Phase><Phase PhaseCode="PH22">0.0074889</Phase><Phase PhaseCode="PH23">0.0016087</Phase><Phase PhaseCode="PH24">2.6232E-4</Phase><Phase PhaseCode="PH25">0.0</Phase><Phase PhaseCode="PH26">-0.32884</Phase><Phase PhaseCode="PH99">0.5605</Phase></Phases></Indicator><Indicator IndicatorCode="IND39"><Phases><Phase PhaseCode="PH14">90.851</Phase><Phase PhaseCode="PH28">0.0</Phase><Phase PhaseCode="PH27">601.74</Phase><Phase PhaseCode="PH11">15.27</Phase><Phase PhaseCode="PH12">0.018003</Phase><Phase PhaseCode="PH13">90.833</Phase><Phase PhaseCode="PH15">0.0</Phase><Phase PhaseCode="PH22">0.18664</Phase><Phase PhaseCode="PH23">0.013609</Phase><Phase PhaseCode="PH24">0.0076416</Phase><Phase PhaseCode="PH25">601.53</Phase><Phase PhaseCode="PH26">-1.5247</Phase><Phase PhaseCode="PH99">707.86</Phase></Phases></Indicator><Indicator IndicatorCode="IND40"><Phases><Phase PhaseCode="PH14">0.0023883</Phase><Phase PhaseCode="PH28">0.0</Phase><Phase PhaseCode="PH27">0.0028706</Phase><Phase PhaseCode="PH11">0.0090082</Phase><Phase PhaseCode="PH12">0.0015157</Phase><Phase PhaseCode="PH13">8.7258E-4</Phase><Phase PhaseCode="PH15">0.0</Phase><Phase PhaseCode="PH22">0.0015381</Phase><Phase PhaseCode="PH23">0.0011458</Phase><Phase PhaseCode="PH24">1.8667E-4</Phase><Phase PhaseCode="PH25">0.0</Phase><Phase PhaseCode="PH26">-0.0011156</Phase><Phase PhaseCode="PH99">0.014267</Phase></Phases></Indicator><Indicator IndicatorCode="IND41"><Phases><Phase PhaseCode="PH14">0.0</Phase><Phase PhaseCode="PH28">0.0</Phase><Phase PhaseCode="PH27">0.0</Phase><Phase PhaseCode="PH11">0.0</Phase><Phase PhaseCode="PH12">0.0</Phase><Phase PhaseCode="PH13">0.0</Phase><Phase PhaseCode="PH15">0.0</Phase><Phase PhaseCode="PH22">0.0</Phase><Phase PhaseCode="PH23">0.0</Phase><Phase PhaseCode="PH24">0.0</Phase><Phase PhaseCode="PH25">0.0</Phase><Phase PhaseCode="PH26">0.0</Phase><Phase PhaseCode="PH99">0.0</Phase></Phases></Indicator><Indicator IndicatorCode="IND42"><Phases><Phase PhaseCode="PH14">54.171</Phase><Phase PhaseCode="PH28">0.0</Phase><Phase PhaseCode="PH27">1804.6</Phase><Phase PhaseCode="PH11">1.0761</Phase><Phase PhaseCode="PH12">9.787E-5</Phase><Phase PhaseCode="PH13">54.171</Phase><Phase PhaseCode="PH15">0.0</Phase><Phase PhaseCode="PH22">0.0</Phase><Phase PhaseCode="PH23">7.3981E-5</Phase><Phase PhaseCode="PH24">1804.6</Phase><Phase PhaseCode="PH25">0.0</Phase><Phase PhaseCode="PH26">1803.6</Phase><Phase PhaseCode="PH99">1859.8</Phase></Phases></Indicator><Indicator IndicatorCode="IND43"><Phases><Phase PhaseCode="PH14">7.9318E-7</Phase><Phase PhaseCode="PH28">0.0</Phase><Phase PhaseCode="PH27">5.0128E-8</Phase><Phase PhaseCode="PH11">4.189E-6</Phase><Phase PhaseCode="PH12">5.7467E-8</Phase><Phase PhaseCode="PH13">7.3571E-7</Phase><Phase PhaseCode="PH15">0.0</Phase><Phase PhaseCode="PH22">0.0</Phase><Phase PhaseCode="PH23">4.344E-8</Phase><Phase PhaseCode="PH24">6.6879E-9</Phase><Phase PhaseCode="PH25">0.0</Phase><Phase PhaseCode="PH26">6.6879E-9</Phase><Phase PhaseCode="PH99">5.0323E-6</Phase></Phases></Indicator></Indicators><ParentEPDSerialId xmlns=""/></EPDC>