<?xml version="1.0" encoding="UTF-8"?><EPDC xmlns=""><EPDCId>156026_3.1.4_135</EPDCId><Name>Chape fibrée 60mm</Name><ConfiguratorName>Betie</ConfiguratorName><ConfiguratorCode>1001</ConfiguratorCode><ConfiguratorVersion>3.1.4_135</ConfiguratorVersion><PublicAddress>www.betie.fr</PublicAddress><ParentDataBase>0</ParentDataBase><ParentEPDId>0</ParentEPDId><TLD>50</TLD><Quantity>1</Quantity><UnitId>2</UnitId><FunctionalUnit>Il s'agit d'une chape de 0,06 mètre d'épaisseur, dont la DVT est de 50 ans.</FunctionalUnit><Standard>2</Standard><ProductionDate>2023-04-26</ProductionDate><Parameters><Parameter><ParameterId>1</ParameterId><Name>Classe de résistance</Name><Value>20</Value><ParamUnitId>39</ParamUnitId></Parameter><Parameter><ParameterId>2</ParameterId><Name>Classe d'exposition</Name><Value>XC1</Value><ParamUnitId>27</ParamUnitId></Parameter><Parameter><ParameterId>3</ParameterId><Name>Type de ciment</Name><Value>CEM I</Value><ParamUnitId>27</ParamUnitId></Parameter><Parameter><ParameterId>6</ParameterId><Name>Dmax</Name><Value>20</Value><ParamUnitId>43</ParamUnitId></Parameter><Parameter><ParameterId>7</ParameterId><Name>Consistance</Name><Value>S3</Value><ParamUnitId>27</ParamUnitId></Parameter><Parameter><ParameterId>8</ParameterId><Name>Type de gravier majoritaire</Name><Value>Graviers Massifs</Value><ParamUnitId>27</ParamUnitId></Parameter><Parameter><ParameterId>9</ParameterId><Name>Type de sable majoritaire</Name><Value>Sables Massifs</Value><ParamUnitId>27</ParamUnitId></Parameter><Parameter><ParameterId>10</ParameterId><Name>Type d'eau consommée en centrale</Name><Value>Eau de pompage</Value><ParamUnitId>27</ParamUnitId></Parameter><Parameter><ParameterId>11</ParameterId><Name>Présence de fibres</Name><Value>Oui</Value><ParamUnitId>27</ParamUnitId></Parameter><Parameter><ParameterId>110</ParameterId><Name>Transport du béton par route</Name><Value>0.0</Value><ParamUnitId>37</ParamUnitId></Parameter><Parameter><ParameterId>111</ParameterId><Name>Type de projet</Name><Value>Simulation</Value><ParamUnitId>27</ParamUnitId></Parameter><Parameter><ParameterId>112</ParameterId><Name>Type d'ouvrage</Name><Value>Chape</Value><ParamUnitId>27</ParamUnitId></Parameter><Parameter><ParameterId>113</ParameterId><Name>Epaisseur</Name><Value>0.06</Value><ParamUnitId>5</ParamUnitId></Parameter><Parameter><ParameterId>117</ParameterId><Name>Déversement direct</Name><Value>0.0</Value><ParamUnitId>12</ParamUnitId></Parameter><Parameter><ParameterId>118</ParameterId><Name>Benne à béton</Name><Value>0.0</Value><ParamUnitId>12</ParamUnitId></Parameter><Parameter><ParameterId>119</ParameterId><Name>Pompage/Tapis</Name><Value>100.0</Value><ParamUnitId>12</ParamUnitId></Parameter><Parameter><ParameterId>120</ParameterId><Name>Quantité d'acier pour les armatures</Name><Value>0.0</Value><ParamUnitId>3</ParamUnitId></Parameter></Parameters><Indicators><Indicator IndicatorCode="IND19"><Phases><Phase PhaseCode="PH14">1.2629</Phase><Phase PhaseCode="PH28">-5.3</Phase><Phase PhaseCode="PH27">0.35817</Phase><Phase PhaseCode="PH11">21.957</Phase><Phase PhaseCode="PH12">0.43962</Phase><Phase PhaseCode="PH13">0.82331</Phase><Phase PhaseCode="PH15">-5.3</Phase><Phase PhaseCode="PH22">0.87086</Phase><Phase PhaseCode="PH23">0.32263</Phase><Phase PhaseCode="PH24">0</Phase><Phase PhaseCode="PH25">-0.83532</Phase><Phase PhaseCode="PH26">-0.2265</Phase><Phase PhaseCode="PH99">18.278</Phase></Phases></Indicator><Indicator IndicatorCode="IND20"><Phases><Phase PhaseCode="PH14">4.6031E-7</Phase><Phase PhaseCode="PH28">0.0</Phase><Phase PhaseCode="PH27">3.9762E-7</Phase><Phase PhaseCode="PH11">9.8685E-7</Phase><Phase PhaseCode="PH12">3.1903E-7</Phase><Phase PhaseCode="PH13">1.4128E-7</Phase><Phase PhaseCode="PH15">0.0</Phase><Phase PhaseCode="PH22">1.6349E-7</Phase><Phase PhaseCode="PH23">2.3413E-7</Phase><Phase PhaseCode="PH24">0</Phase><Phase PhaseCode="PH25">0.0</Phase><Phase PhaseCode="PH26">-2.6363E-8</Phase><Phase PhaseCode="PH99">1.8448E-6</Phase></Phases></Indicator><Indicator IndicatorCode="IND21"><Phases><Phase PhaseCode="PH14">0.0045494</Phase><Phase PhaseCode="PH28">0.0</Phase><Phase PhaseCode="PH27">0.0081987</Phase><Phase PhaseCode="PH11">0.05031</Phase><Phase PhaseCode="PH12">0.0020186</Phase><Phase PhaseCode="PH13">0.0025308</Phase><Phase PhaseCode="PH15">0.0</Phase><Phase PhaseCode="PH22">0.0067173</Phase><Phase PhaseCode="PH23">0.0014814</Phase><Phase PhaseCode="PH24">0</Phase><Phase PhaseCode="PH25">0.0</Phase><Phase PhaseCode="PH26">-0.0012051</Phase><Phase PhaseCode="PH99">0.063058</Phase></Phases></Indicator><Indicator IndicatorCode="IND22"><Phases><Phase PhaseCode="PH14">9.2216E-4</Phase><Phase PhaseCode="PH28">0.0</Phase><Phase PhaseCode="PH27">0.0017994</Phase><Phase PhaseCode="PH11">0.0071561</Phase><Phase PhaseCode="PH12">4.7443E-4</Phase><Phase PhaseCode="PH13">4.4773E-4</Phase><Phase PhaseCode="PH15">0.0</Phase><Phase PhaseCode="PH22">0.0014509</Phase><Phase PhaseCode="PH23">3.4818E-4</Phase><Phase PhaseCode="PH24">0</Phase><Phase PhaseCode="PH25">2.9124E-7</Phase><Phase PhaseCode="PH26">-3.5631E-4</Phase><Phase PhaseCode="PH99">0.0098776</Phase></Phases></Indicator><Indicator IndicatorCode="IND23"><Phases><Phase PhaseCode="PH14">5.0265E-4</Phase><Phase PhaseCode="PH28">0.0</Phase><Phase PhaseCode="PH27">3.9141E-4</Phase><Phase PhaseCode="PH11">0.0025925</Phase><Phase PhaseCode="PH12">3.1475E-4</Phase><Phase PhaseCode="PH13">1.879E-4</Phase><Phase PhaseCode="PH15">0.0</Phase><Phase PhaseCode="PH22">1.6042E-4</Phase><Phase PhaseCode="PH23">2.3099E-4</Phase><Phase PhaseCode="PH24">0</Phase><Phase PhaseCode="PH25">0.0</Phase><Phase PhaseCode="PH26">-6.5379E-5</Phase><Phase PhaseCode="PH99">0.0034866</Phase></Phases></Indicator><Indicator IndicatorCode="IND24"><Phases><Phase PhaseCode="PH14">6.5972E-8</Phase><Phase PhaseCode="PH28">0.0</Phase><Phase PhaseCode="PH27">3.3512E-9</Phase><Phase PhaseCode="PH11">2.1662E-6</Phase><Phase PhaseCode="PH12">6.2358E-10</Phase><Phase PhaseCode="PH13">6.5348E-8</Phase><Phase PhaseCode="PH15">0.0</Phase><Phase PhaseCode="PH22">2.8936E-9</Phase><Phase PhaseCode="PH23">4.5763E-10</Phase><Phase PhaseCode="PH24">0</Phase><Phase PhaseCode="PH25">0.0</Phase><Phase PhaseCode="PH26">-1.0729E-6</Phase><Phase PhaseCode="PH99">2.2355E-6</Phase></Phases></Indicator><Indicator IndicatorCode="IND25"><Phases><Phase PhaseCode="PH14">12.107</Phase><Phase PhaseCode="PH28">0.0</Phase><Phase PhaseCode="PH27">16.58</Phase><Phase PhaseCode="PH11">133.05</Phase><Phase PhaseCode="PH12">5.6184</Phase><Phase PhaseCode="PH13">6.4889</Phase><Phase PhaseCode="PH15">0.0</Phase><Phase PhaseCode="PH22">12.457</Phase><Phase PhaseCode="PH23">4.1232</Phase><Phase PhaseCode="PH24">0</Phase><Phase PhaseCode="PH25">0.0</Phase><Phase PhaseCode="PH26">-3.1576</Phase><Phase PhaseCode="PH99">161.74</Phase></Phases></Indicator><Indicator IndicatorCode="IND27"><Phases><Phase PhaseCode="PH14">5.8215</Phase><Phase PhaseCode="PH28">0.0</Phase><Phase PhaseCode="PH27">96.854</Phase><Phase PhaseCode="PH11">9.7697</Phase><Phase PhaseCode="PH12">0.12528</Phase><Phase PhaseCode="PH13">5.6962</Phase><Phase PhaseCode="PH15">0.0</Phase><Phase PhaseCode="PH22">96.762</Phase><Phase PhaseCode="PH23">0.091938</Phase><Phase PhaseCode="PH24">0</Phase><Phase PhaseCode="PH25">0.0</Phase><Phase PhaseCode="PH26">-0.14606</Phase><Phase PhaseCode="PH99">112.45</Phase></Phases></Indicator><Indicator IndicatorCode="IND26"><Phases><Phase PhaseCode="PH14">59.481</Phase><Phase PhaseCode="PH28">0.0</Phase><Phase PhaseCode="PH27">20.897</Phase><Phase PhaseCode="PH11">747.33</Phase><Phase PhaseCode="PH12">28.028</Phase><Phase PhaseCode="PH13">31.453</Phase><Phase PhaseCode="PH15">0.0</Phase><Phase PhaseCode="PH22">0.32823</Phase><Phase PhaseCode="PH23">20.569</Phase><Phase PhaseCode="PH24">0</Phase><Phase PhaseCode="PH25">0.0</Phase><Phase PhaseCode="PH26">-145.81</Phase><Phase PhaseCode="PH99">827.71</Phase></Phases></Indicator><Indicator IndicatorCode="IND28"><Phases><Phase PhaseCode="PH14">0.14741</Phase><Phase PhaseCode="PH28">0.0</Phase><Phase PhaseCode="PH27">0.026635</Phase><Phase PhaseCode="PH11">4.729</Phase><Phase PhaseCode="PH12">0.0031677</Phase><Phase PhaseCode="PH13">0.14424</Phase><Phase PhaseCode="PH15">0.0</Phase><Phase PhaseCode="PH22">0.02431</Phase><Phase PhaseCode="PH23">0.0023247</Phase><Phase PhaseCode="PH24">0</Phase><Phase PhaseCode="PH25">0.0</Phase><Phase PhaseCode="PH26">-0.27466</Phase><Phase PhaseCode="PH99">4.903</Phase></Phases></Indicator><Indicator IndicatorCode="IND29"><Phases><Phase PhaseCode="PH14">1.6454E-5</Phase><Phase PhaseCode="PH28">0.0</Phase><Phase PhaseCode="PH27">0.0</Phase><Phase PhaseCode="PH11">5.4846E-4</Phase><Phase PhaseCode="PH12">0.0</Phase><Phase PhaseCode="PH13">1.6454E-5</Phase><Phase PhaseCode="PH15">0.0</Phase><Phase PhaseCode="PH22">0.0</Phase><Phase PhaseCode="PH23">0.0</Phase><Phase PhaseCode="PH24">0</Phase><Phase PhaseCode="PH25">0.0</Phase><Phase PhaseCode="PH26">0.0</Phase><Phase PhaseCode="PH99">5.6491E-4</Phase></Phases></Indicator><Indicator IndicatorCode="IND30"><Phases><Phase PhaseCode="PH14">0.14742</Phase><Phase PhaseCode="PH28">0.0</Phase><Phase PhaseCode="PH27">0.026635</Phase><Phase PhaseCode="PH11">4.7295</Phase><Phase PhaseCode="PH12">0.0031677</Phase><Phase PhaseCode="PH13">0.14425</Phase><Phase PhaseCode="PH15">0.0</Phase><Phase PhaseCode="PH22">0.02431</Phase><Phase PhaseCode="PH23">0.0023247</Phase><Phase PhaseCode="PH24">0</Phase><Phase PhaseCode="PH25">0.0</Phase><Phase PhaseCode="PH26">-0.27466</Phase><Phase PhaseCode="PH99">4.9036</Phase></Phases></Indicator><Indicator IndicatorCode="IND31"><Phases><Phase PhaseCode="PH14">14.618</Phase><Phase PhaseCode="PH28">0.0</Phase><Phase PhaseCode="PH27">17.723</Phase><Phase PhaseCode="PH11">210.75</Phase><Phase PhaseCode="PH12">5.7095</Phase><Phase PhaseCode="PH13">8.9089</Phase><Phase PhaseCode="PH15">0.0</Phase><Phase PhaseCode="PH22">13.533</Phase><Phase PhaseCode="PH23">4.1901</Phase><Phase PhaseCode="PH24">0</Phase><Phase PhaseCode="PH25">0.0</Phase><Phase PhaseCode="PH26">-7.0699</Phase><Phase PhaseCode="PH99">243.09</Phase></Phases></Indicator><Indicator IndicatorCode="IND32"><Phases><Phase PhaseCode="PH14">0.03491</Phase><Phase PhaseCode="PH28">0.0</Phase><Phase PhaseCode="PH27">0.0</Phase><Phase PhaseCode="PH11">1.1637</Phase><Phase PhaseCode="PH12">0.0</Phase><Phase PhaseCode="PH13">0.03491</Phase><Phase PhaseCode="PH15">0.0</Phase><Phase PhaseCode="PH22">0.0</Phase><Phase PhaseCode="PH23">0.0</Phase><Phase PhaseCode="PH24">0</Phase><Phase PhaseCode="PH25">0.0</Phase><Phase PhaseCode="PH26">0.0019397</Phase><Phase PhaseCode="PH99">1.1986</Phase></Phases></Indicator><Indicator IndicatorCode="IND33"><Phases><Phase PhaseCode="PH14">14.653</Phase><Phase PhaseCode="PH28">0.0</Phase><Phase PhaseCode="PH27">17.723</Phase><Phase PhaseCode="PH11">211.91</Phase><Phase PhaseCode="PH12">5.7095</Phase><Phase PhaseCode="PH13">8.9438</Phase><Phase PhaseCode="PH15">0.0</Phase><Phase PhaseCode="PH22">13.533</Phase><Phase PhaseCode="PH23">4.1901</Phase><Phase PhaseCode="PH24">0</Phase><Phase PhaseCode="PH25">0.0</Phase><Phase PhaseCode="PH26">-7.068</Phase><Phase PhaseCode="PH99">244.29</Phase></Phases></Indicator><Indicator IndicatorCode="IND34"><Phases><Phase PhaseCode="PH14">0.026862</Phase><Phase PhaseCode="PH28">0.0</Phase><Phase PhaseCode="PH27">6.175E-8</Phase><Phase PhaseCode="PH11">0.89539</Phase><Phase PhaseCode="PH12">8.4142E-8</Phase><Phase PhaseCode="PH13">0.026862</Phase><Phase PhaseCode="PH15">0.0</Phase><Phase PhaseCode="PH22">0.0</Phase><Phase PhaseCode="PH23">6.175E-8</Phase><Phase PhaseCode="PH24">0</Phase><Phase PhaseCode="PH25">0.0</Phase><Phase PhaseCode="PH26">-0.0076878</Phase><Phase PhaseCode="PH99">0.92225</Phase></Phases></Indicator><Indicator IndicatorCode="IND35"><Phases><Phase PhaseCode="PH14">0.39628</Phase><Phase PhaseCode="PH28">0.0</Phase><Phase PhaseCode="PH27">0.0</Phase><Phase PhaseCode="PH11">13.209</Phase><Phase PhaseCode="PH12">0.0</Phase><Phase PhaseCode="PH13">0.39628</Phase><Phase PhaseCode="PH15">0.0</Phase><Phase PhaseCode="PH22">0.0</Phase><Phase PhaseCode="PH23">0.0</Phase><Phase PhaseCode="PH24">0</Phase><Phase PhaseCode="PH25">0.0</Phase><Phase PhaseCode="PH26">0.0</Phase><Phase PhaseCode="PH99">13.605</Phase></Phases></Indicator><Indicator IndicatorCode="IND36"><Phases><Phase PhaseCode="PH14">0.58599</Phase><Phase PhaseCode="PH28">0.0</Phase><Phase PhaseCode="PH27">0.0</Phase><Phase PhaseCode="PH11">19.533</Phase><Phase PhaseCode="PH12">0.0</Phase><Phase PhaseCode="PH13">0.58599</Phase><Phase PhaseCode="PH15">0.0</Phase><Phase PhaseCode="PH22">0.0</Phase><Phase PhaseCode="PH23">0.0</Phase><Phase PhaseCode="PH24">0</Phase><Phase PhaseCode="PH25">0.0</Phase><Phase PhaseCode="PH26">0.0</Phase><Phase PhaseCode="PH99">20.119</Phase></Phases></Indicator><Indicator IndicatorCode="IND37"><Phases><Phase PhaseCode="PH14">0.0030346</Phase><Phase PhaseCode="PH28">0.0</Phase><Phase PhaseCode="PH27">0.0011809</Phase><Phase PhaseCode="PH11">0.075213</Phase><Phase PhaseCode="PH12">5.5642E-4</Phase><Phase PhaseCode="PH13">0.0024782</Phase><Phase PhaseCode="PH15">0.0</Phase><Phase PhaseCode="PH22">7.726E-4</Phase><Phase PhaseCode="PH23">4.0834E-4</Phase><Phase PhaseCode="PH24">0</Phase><Phase PhaseCode="PH25">0.0</Phase><Phase PhaseCode="PH26">-0.0045995</Phase><Phase PhaseCode="PH99">0.079429</Phase></Phases></Indicator><Indicator IndicatorCode="IND38"><Phases><Phase PhaseCode="PH14">0.0022266</Phase><Phase PhaseCode="PH28">0.0</Phase><Phase PhaseCode="PH27">5.4305E-4</Phase><Phase PhaseCode="PH11">0.067764</Phase><Phase PhaseCode="PH12">1.2769E-4</Phase><Phase PhaseCode="PH13">0.0020989</Phase><Phase PhaseCode="PH15">0.0</Phase><Phase PhaseCode="PH22">4.4934E-4</Phase><Phase PhaseCode="PH23">9.371E-5</Phase><Phase PhaseCode="PH24">0</Phase><Phase PhaseCode="PH25">0.0</Phase><Phase PhaseCode="PH26">-0.019155</Phase><Phase PhaseCode="PH99">0.070534</Phase></Phases></Indicator><Indicator IndicatorCode="IND39"><Phases><Phase PhaseCode="PH14">5.2812</Phase><Phase PhaseCode="PH28">0.0</Phase><Phase PhaseCode="PH27">35.052</Phase><Phase PhaseCode="PH11">0.77099</Phase><Phase PhaseCode="PH12">0.0010802</Phase><Phase PhaseCode="PH13">5.2801</Phase><Phase PhaseCode="PH15">0.0</Phase><Phase PhaseCode="PH22">0.011199</Phase><Phase PhaseCode="PH23">7.9274E-4</Phase><Phase PhaseCode="PH24">0</Phase><Phase PhaseCode="PH25">35.04</Phase><Phase PhaseCode="PH26">-0.088818</Phase><Phase PhaseCode="PH99">41.104</Phase></Phases></Indicator><Indicator IndicatorCode="IND40"><Phases><Phase PhaseCode="PH14">1.5775E-4</Phase><Phase PhaseCode="PH28">0.0</Phase><Phase PhaseCode="PH27">1.5903E-4</Phase><Phase PhaseCode="PH11">0.0010814</Phase><Phase PhaseCode="PH12">9.0945E-5</Phase><Phase PhaseCode="PH13">6.6807E-5</Phase><Phase PhaseCode="PH15">0.0</Phase><Phase PhaseCode="PH22">9.2287E-5</Phase><Phase PhaseCode="PH23">6.6742E-5</Phase><Phase PhaseCode="PH24">0</Phase><Phase PhaseCode="PH25">0.0</Phase><Phase PhaseCode="PH26">-6.4984E-5</Phase><Phase PhaseCode="PH99">0.0013982</Phase></Phases></Indicator><Indicator IndicatorCode="IND41"><Phases><Phase PhaseCode="PH14">0.0</Phase><Phase PhaseCode="PH28">0.0</Phase><Phase PhaseCode="PH27">0.0</Phase><Phase PhaseCode="PH11">0.0</Phase><Phase PhaseCode="PH12">0.0</Phase><Phase PhaseCode="PH13">0.0</Phase><Phase PhaseCode="PH15">0.0</Phase><Phase PhaseCode="PH22">0.0</Phase><Phase PhaseCode="PH23">0.0</Phase><Phase PhaseCode="PH24">0</Phase><Phase PhaseCode="PH25">0.0</Phase><Phase PhaseCode="PH26">0.0</Phase><Phase PhaseCode="PH99">0.0</Phase></Phases></Indicator><Indicator IndicatorCode="IND42"><Phases><Phase PhaseCode="PH14">0.0023063</Phase><Phase PhaseCode="PH28">0.0</Phase><Phase PhaseCode="PH27">4.3095E-6</Phase><Phase PhaseCode="PH11">0.076619</Phase><Phase PhaseCode="PH12">5.8722E-6</Phase><Phase PhaseCode="PH13">0.0023004</Phase><Phase PhaseCode="PH15">0.0</Phase><Phase PhaseCode="PH22">0.0</Phase><Phase PhaseCode="PH23">4.3095E-6</Phase><Phase PhaseCode="PH24">0</Phase><Phase PhaseCode="PH25">0.0</Phase><Phase PhaseCode="PH26">105.06</Phase><Phase PhaseCode="PH99">0.07893</Phase></Phases></Indicator><Indicator IndicatorCode="IND43"><Phases><Phase PhaseCode="PH14">1.2211E-8</Phase><Phase PhaseCode="PH28">0.0</Phase><Phase PhaseCode="PH27">2.5304E-9</Phase><Phase PhaseCode="PH11">2.5512E-7</Phase><Phase PhaseCode="PH12">3.448E-9</Phase><Phase PhaseCode="PH13">8.7625E-9</Phase><Phase PhaseCode="PH15">0.0</Phase><Phase PhaseCode="PH22">0.0</Phase><Phase PhaseCode="PH23">2.5304E-9</Phase><Phase PhaseCode="PH24">0</Phase><Phase PhaseCode="PH25">0.0</Phase><Phase PhaseCode="PH26">3.8958E-10</Phase><Phase PhaseCode="PH99">2.6986E-7</Phase></Phases></Indicator></Indicators><ParentEPDSerialId/></EPDC>