<?xml version="1.0" encoding="UTF-8"?><EPDC><EPDCId>232447_3.1.6_135</EPDCId><Name>Voile refends JD- JV - 37.50kg/m3 - XC1 -CEMIIIA</Name><ConfiguratorName>Betie</ConfiguratorName><ConfiguratorCode>1001</ConfiguratorCode><ConfiguratorVersion>3.1.6_135</ConfiguratorVersion><PublicAddress>www.betie.fr</PublicAddress><ParentDataBase>0</ParentDataBase><ParentEPDId>0</ParentEPDId><TLD>100</TLD><Quantity>1</Quantity><UnitId>2</UnitId><FunctionalUnit>Assurer la fonction de mur porteur (structure et clos) pour le bâtiment considéré, sur 1 m² de paroi d'épaisseur 1 mètre, dont la DVT est de 100 ans.</FunctionalUnit><Standard>2</Standard><ProductionDate>2024-09-23</ProductionDate><Parameters><Parameter><ParameterId>1</ParameterId><Name>Classe de résistance</Name><Value>25</Value><ParamUnitId>39</ParamUnitId></Parameter><Parameter><ParameterId>2</ParameterId><Name>Classe d'exposition</Name><Value>XC1</Value><ParamUnitId>27</ParamUnitId></Parameter><Parameter><ParameterId>3</ParameterId><Name>Type de ciment</Name><Value>CEM III/A</Value><ParamUnitId>27</ParamUnitId></Parameter><Parameter><ParameterId>5</ParameterId><Name>Classe de résistance du ciment</Name><Value>52.5</Value><ParamUnitId>27</ParamUnitId></Parameter><Parameter><ParameterId>6</ParameterId><Name>Dmax</Name><Value>20</Value><ParamUnitId>43</ParamUnitId></Parameter><Parameter><ParameterId>7</ParameterId><Name>Consistance</Name><Value>S3</Value><ParamUnitId>27</ParamUnitId></Parameter><Parameter><ParameterId>8</ParameterId><Name>Type de gravier majoritaire</Name><Value>Graviers Massifs</Value><ParamUnitId>27</ParamUnitId></Parameter><Parameter><ParameterId>9</ParameterId><Name>Type de sable majoritaire</Name><Value>Sables Alluvionnaires</Value><ParamUnitId>27</ParamUnitId></Parameter><Parameter><ParameterId>10</ParameterId><Name>Type d'eau consommée en centrale</Name><Value>Eau recyclée</Value><ParamUnitId>27</ParamUnitId></Parameter><Parameter><ParameterId>11</ParameterId><Name>Présence de fibres</Name><Value>Non</Value><ParamUnitId>27</ParamUnitId></Parameter><Parameter><ParameterId>110</ParameterId><Name>Transport du béton par route</Name><Value>0.0</Value><ParamUnitId>37</ParamUnitId></Parameter><Parameter><ParameterId>111</ParameterId><Name>Type de projet</Name><Value>Projet identifié</Value><ParamUnitId>27</ParamUnitId></Parameter><Parameter><ParameterId>112</ParameterId><Name>Type d'ouvrage</Name><Value>Mur</Value><ParamUnitId>27</ParamUnitId></Parameter><Parameter><ParameterId>113</ParameterId><Name>Epaisseur</Name><Value>1.0</Value><ParamUnitId>5</ParamUnitId></Parameter><Parameter><ParameterId>117</ParameterId><Name>Déversement direct</Name><Value>0.0</Value><ParamUnitId>12</ParamUnitId></Parameter><Parameter><ParameterId>118</ParameterId><Name>Benne à béton</Name><Value>100.0</Value><ParamUnitId>12</ParamUnitId></Parameter><Parameter><ParameterId>119</ParameterId><Name>Pompage/Tapis</Name><Value>0.0</Value><ParamUnitId>12</ParamUnitId></Parameter><Parameter><ParameterId>120</ParameterId><Name>Quantité d'acier pour les armatures</Name><Value>37.0</Value><ParamUnitId>3</ParamUnitId></Parameter></Parameters><Indicators><Indicator IndicatorCode="IND19"><Phases><Phase PhaseCode="PH14">61.911</Phase><Phase PhaseCode="PH28">-2.2478</Phase><Phase PhaseCode="PH27">10.028</Phase><Phase PhaseCode="PH11">127.93</Phase><Phase PhaseCode="PH12">7.327</Phase><Phase PhaseCode="PH13">54.584</Phase><Phase PhaseCode="PH15">-2.2478</Phase><Phase PhaseCode="PH22">14.514</Phase><Phase PhaseCode="PH23">5.4947</Phase><Phase PhaseCode="PH24">0.91031</Phase><Phase PhaseCode="PH25">-10.891</Phase><Phase PhaseCode="PH26">-10.779</Phase><Phase PhaseCode="PH99">197.62</Phase></Phases></Indicator><Indicator IndicatorCode="IND20"><Phases><Phase PhaseCode="PH14">7.5002E-6</Phase><Phase PhaseCode="PH28">0.0</Phase><Phase PhaseCode="PH27">7.3605E-6</Phase><Phase PhaseCode="PH11">1.0246E-5</Phase><Phase PhaseCode="PH12">5.3172E-6</Phase><Phase PhaseCode="PH13">2.183E-6</Phase><Phase PhaseCode="PH15">0.0</Phase><Phase PhaseCode="PH22">2.7248E-6</Phase><Phase PhaseCode="PH23">3.9874E-6</Phase><Phase PhaseCode="PH24">6.4826E-7</Phase><Phase PhaseCode="PH25">0.0</Phase><Phase PhaseCode="PH26">-4.4898E-7</Phase><Phase PhaseCode="PH99">2.5107E-5</Phase></Phases></Indicator><Indicator IndicatorCode="IND21"><Phases><Phase PhaseCode="PH14">0.18326</Phase><Phase PhaseCode="PH28">0.0</Phase><Phase PhaseCode="PH27">0.14381</Phase><Phase PhaseCode="PH11">0.31408</Phase><Phase PhaseCode="PH12">0.033643</Phase><Phase PhaseCode="PH13">0.14962</Phase><Phase PhaseCode="PH15">0.0</Phase><Phase PhaseCode="PH22">0.11196</Phase><Phase PhaseCode="PH23">0.025229</Phase><Phase PhaseCode="PH24">0.0066225</Phase><Phase PhaseCode="PH25">0.0</Phase><Phase PhaseCode="PH26">-0.033442</Phase><Phase PhaseCode="PH99">0.64115</Phase></Phases></Indicator><Indicator IndicatorCode="IND22"><Phases><Phase PhaseCode="PH14">0.023975</Phase><Phase PhaseCode="PH28">0.0</Phase><Phase PhaseCode="PH27">0.031544</Phase><Phase PhaseCode="PH11">0.051081</Phase><Phase PhaseCode="PH12">0.0079072</Phase><Phase PhaseCode="PH13">0.016068</Phase><Phase PhaseCode="PH15">0.0</Phase><Phase PhaseCode="PH22">0.024181</Phase><Phase PhaseCode="PH23">0.0059297</Phase><Phase PhaseCode="PH24">0.001428</Phase><Phase PhaseCode="PH25">4.9601E-6</Phase><Phase PhaseCode="PH26">-0.0071175</Phase><Phase PhaseCode="PH99">0.1066</Phase></Phases></Indicator><Indicator IndicatorCode="IND23"><Phases><Phase PhaseCode="PH14">0.031533</Phase><Phase PhaseCode="PH28">0.0</Phase><Phase PhaseCode="PH27">0.006818</Phase><Phase PhaseCode="PH11">0.021409</Phase><Phase PhaseCode="PH12">0.0052458</Phase><Phase PhaseCode="PH13">0.026287</Phase><Phase PhaseCode="PH15">0.0</Phase><Phase PhaseCode="PH22">0.0026736</Phase><Phase PhaseCode="PH23">0.0039339</Phase><Phase PhaseCode="PH24">2.105E-4</Phase><Phase PhaseCode="PH25">0.0</Phase><Phase PhaseCode="PH26">-0.0053112</Phase><Phase PhaseCode="PH99">0.05976</Phase></Phases></Indicator><Indicator IndicatorCode="IND24"><Phases><Phase PhaseCode="PH14">2.5954E-6</Phase><Phase PhaseCode="PH28">0.0</Phase><Phase PhaseCode="PH27">5.7662E-8</Phase><Phase PhaseCode="PH11">3.8012E-5</Phase><Phase PhaseCode="PH12">1.0393E-8</Phase><Phase PhaseCode="PH13">2.585E-6</Phase><Phase PhaseCode="PH15">0.0</Phase><Phase PhaseCode="PH22">4.8226E-8</Phase><Phase PhaseCode="PH23">7.7938E-9</Phase><Phase PhaseCode="PH24">1.6419E-9</Phase><Phase PhaseCode="PH25">0.0</Phase><Phase PhaseCode="PH26">-1.8592E-5</Phase><Phase PhaseCode="PH99">4.0665E-5</Phase></Phases></Indicator><Indicator IndicatorCode="IND25"><Phases><Phase PhaseCode="PH14">732.59</Phase><Phase PhaseCode="PH28">0.0</Phase><Phase PhaseCode="PH27">289.63</Phase><Phase PhaseCode="PH11">662.55</Phase><Phase PhaseCode="PH12">93.64</Phase><Phase PhaseCode="PH13">638.95</Phase><Phase PhaseCode="PH15">0.0</Phase><Phase PhaseCode="PH22">207.62</Phase><Phase PhaseCode="PH23">70.222</Phase><Phase PhaseCode="PH24">11.784</Phase><Phase PhaseCode="PH25">0.0</Phase><Phase PhaseCode="PH26">-128.3</Phase><Phase PhaseCode="PH99">1684.8</Phase></Phases></Indicator><Indicator IndicatorCode="IND27"><Phases><Phase PhaseCode="PH14">92.398</Phase><Phase PhaseCode="PH28">0.0</Phase><Phase PhaseCode="PH27">1614.3</Phase><Phase PhaseCode="PH11">158.19</Phase><Phase PhaseCode="PH12">2.088</Phase><Phase PhaseCode="PH13">90.31</Phase><Phase PhaseCode="PH15">0.0</Phase><Phase PhaseCode="PH22">1612.7</Phase><Phase PhaseCode="PH23">1.5658</Phase><Phase PhaseCode="PH24">0.0</Phase><Phase PhaseCode="PH25">0.0</Phase><Phase PhaseCode="PH26">-2.4371</Phase><Phase PhaseCode="PH99">1864.9</Phase></Phases></Indicator><Indicator IndicatorCode="IND26"><Phases><Phase PhaseCode="PH14">7275.4</Phase><Phase PhaseCode="PH28">0.0</Phase><Phase PhaseCode="PH27">355.78</Phase><Phase PhaseCode="PH11">3695.1</Phase><Phase PhaseCode="PH12">467.14</Phase><Phase PhaseCode="PH13">6808.3</Phase><Phase PhaseCode="PH15">0.0</Phase><Phase PhaseCode="PH22">5.4705</Phase><Phase PhaseCode="PH23">350.31</Phase><Phase PhaseCode="PH24">0.0</Phase><Phase PhaseCode="PH25">0.0</Phase><Phase PhaseCode="PH26">-4071.0</Phase><Phase PhaseCode="PH99">11326.0</Phase></Phases></Indicator><Indicator IndicatorCode="IND28"><Phases><Phase PhaseCode="PH14">1.3624</Phase><Phase PhaseCode="PH28">0.0</Phase><Phase PhaseCode="PH27">0.44909</Phase><Phase PhaseCode="PH11">24.536</Phase><Phase PhaseCode="PH12">0.052795</Phase><Phase PhaseCode="PH13">1.3096</Phase><Phase PhaseCode="PH15">0.0</Phase><Phase PhaseCode="PH22">0.40517</Phase><Phase PhaseCode="PH23">0.039592</Phase><Phase PhaseCode="PH24">0.0043245</Phase><Phase PhaseCode="PH25">0.0</Phase><Phase PhaseCode="PH26">-4.6777</Phase><Phase PhaseCode="PH99">26.347</Phase></Phases></Indicator><Indicator IndicatorCode="IND29"><Phases><Phase PhaseCode="PH14">0.0015899</Phase><Phase PhaseCode="PH28">0.0</Phase><Phase PhaseCode="PH27">0.0</Phase><Phase PhaseCode="PH11">0.0090822</Phase><Phase PhaseCode="PH12">0.0</Phase><Phase PhaseCode="PH13">0.0015899</Phase><Phase PhaseCode="PH15">0.0</Phase><Phase PhaseCode="PH22">0.0</Phase><Phase PhaseCode="PH23">0.0</Phase><Phase PhaseCode="PH24">0.0</Phase><Phase PhaseCode="PH25">0.0</Phase><Phase PhaseCode="PH26">0.0</Phase><Phase PhaseCode="PH99">0.010672</Phase></Phases></Indicator><Indicator IndicatorCode="IND30"><Phases><Phase PhaseCode="PH14">1.364</Phase><Phase PhaseCode="PH28">0.0</Phase><Phase PhaseCode="PH27">0.44909</Phase><Phase PhaseCode="PH11">24.545</Phase><Phase PhaseCode="PH12">0.052795</Phase><Phase PhaseCode="PH13">1.3112</Phase><Phase PhaseCode="PH15">0.0</Phase><Phase PhaseCode="PH22">0.40517</Phase><Phase PhaseCode="PH23">0.039592</Phase><Phase PhaseCode="PH24">0.0043245</Phase><Phase PhaseCode="PH25">0.0</Phase><Phase PhaseCode="PH26">-4.6777</Phase><Phase PhaseCode="PH99">26.358</Phase></Phases></Indicator><Indicator IndicatorCode="IND31"><Phases><Phase PhaseCode="PH14">704.93</Phase><Phase PhaseCode="PH28">0.0</Phase><Phase PhaseCode="PH27">308.79</Phase><Phase PhaseCode="PH11">1113.0</Phase><Phase PhaseCode="PH12">95.158</Phase><Phase PhaseCode="PH13">609.77</Phase><Phase PhaseCode="PH15">0.0</Phase><Phase PhaseCode="PH22">225.56</Phase><Phase PhaseCode="PH23">71.36</Phase><Phase PhaseCode="PH24">11.867</Phase><Phase PhaseCode="PH25">0.0</Phase><Phase PhaseCode="PH26">-185.46</Phase><Phase PhaseCode="PH99">2126.7</Phase></Phases></Indicator><Indicator IndicatorCode="IND32"><Phases><Phase PhaseCode="PH14">0.17116</Phase><Phase PhaseCode="PH28">0.0</Phase><Phase PhaseCode="PH27">0.033034</Phase><Phase PhaseCode="PH11">5.1261</Phase><Phase PhaseCode="PH12">0.0</Phase><Phase PhaseCode="PH13">0.17116</Phase><Phase PhaseCode="PH15">0.0</Phase><Phase PhaseCode="PH22">0.0</Phase><Phase PhaseCode="PH23">0.0</Phase><Phase PhaseCode="PH24">0.033034</Phase><Phase PhaseCode="PH25">0.0</Phase><Phase PhaseCode="PH26">0.033034</Phase><Phase PhaseCode="PH99">5.3303</Phase></Phases></Indicator><Indicator IndicatorCode="IND33"><Phases><Phase PhaseCode="PH14">705.1</Phase><Phase PhaseCode="PH28">0.0</Phase><Phase PhaseCode="PH27">308.82</Phase><Phase PhaseCode="PH11">1118.2</Phase><Phase PhaseCode="PH12">95.158</Phase><Phase PhaseCode="PH13">609.94</Phase><Phase PhaseCode="PH15">0.0</Phase><Phase PhaseCode="PH22">225.56</Phase><Phase PhaseCode="PH23">71.36</Phase><Phase PhaseCode="PH24">11.9</Phase><Phase PhaseCode="PH25">0.0</Phase><Phase PhaseCode="PH26">-185.43</Phase><Phase PhaseCode="PH99">2132.1</Phase></Phases></Indicator><Indicator IndicatorCode="IND34"><Phases><Phase PhaseCode="PH14">26.164</Phase><Phase PhaseCode="PH28">0.0</Phase><Phase PhaseCode="PH27">0.0014112</Phase><Phase PhaseCode="PH11">9.4247</Phase><Phase PhaseCode="PH12">1.4024E-6</Phase><Phase PhaseCode="PH13">26.164</Phase><Phase PhaseCode="PH15">0.0</Phase><Phase PhaseCode="PH22">0.0</Phase><Phase PhaseCode="PH23">1.0517E-6</Phase><Phase PhaseCode="PH24">0.0014101</Phase><Phase PhaseCode="PH25">0.0</Phase><Phase PhaseCode="PH26">-19.562</Phase><Phase PhaseCode="PH99">35.59</Phase></Phases></Indicator><Indicator IndicatorCode="IND35"><Phases><Phase PhaseCode="PH14">2.0988</Phase><Phase PhaseCode="PH28">0.0</Phase><Phase PhaseCode="PH27">0.0</Phase><Phase PhaseCode="PH11">69.962</Phase><Phase PhaseCode="PH12">0.0</Phase><Phase PhaseCode="PH13">2.0988</Phase><Phase PhaseCode="PH15">0.0</Phase><Phase PhaseCode="PH22">0.0</Phase><Phase PhaseCode="PH23">0.0</Phase><Phase PhaseCode="PH24">0.0</Phase><Phase PhaseCode="PH25">0.0</Phase><Phase PhaseCode="PH26">0.0</Phase><Phase PhaseCode="PH99">72.061</Phase></Phases></Indicator><Indicator IndicatorCode="IND36"><Phases><Phase PhaseCode="PH14">3.1036</Phase><Phase PhaseCode="PH28">0.0</Phase><Phase PhaseCode="PH27">0.0</Phase><Phase PhaseCode="PH11">103.45</Phase><Phase PhaseCode="PH12">0.0</Phase><Phase PhaseCode="PH13">3.1036</Phase><Phase PhaseCode="PH15">0.0</Phase><Phase PhaseCode="PH22">0.0</Phase><Phase PhaseCode="PH23">0.0</Phase><Phase PhaseCode="PH24">0.0</Phase><Phase PhaseCode="PH25">0.0</Phase><Phase PhaseCode="PH26">0.0</Phase><Phase PhaseCode="PH99">106.55</Phase></Phases></Indicator><Indicator IndicatorCode="IND37"><Phases><Phase PhaseCode="PH14">0.56284</Phase><Phase PhaseCode="PH28">0.0</Phase><Phase PhaseCode="PH27">0.021135</Phase><Phase PhaseCode="PH11">0.91304</Phase><Phase PhaseCode="PH12">0.0092737</Phase><Phase PhaseCode="PH13">0.55357</Phase><Phase PhaseCode="PH15">0.0</Phase><Phase PhaseCode="PH22">0.012877</Phase><Phase PhaseCode="PH23">0.0069544</Phase><Phase PhaseCode="PH24">0.0013038</Phase><Phase PhaseCode="PH25">0.0</Phase><Phase PhaseCode="PH26">-0.46785</Phase><Phase PhaseCode="PH99">1.497</Phase></Phases></Indicator><Indicator IndicatorCode="IND38"><Phases><Phase PhaseCode="PH14">0.018784</Phase><Phase PhaseCode="PH28">0.0</Phase><Phase PhaseCode="PH27">0.0093451</Phase><Phase PhaseCode="PH11">0.51887</Phase><Phase PhaseCode="PH12">0.0021282</Phase><Phase PhaseCode="PH13">0.016656</Phase><Phase PhaseCode="PH15">0.0</Phase><Phase PhaseCode="PH22">0.0074889</Phase><Phase PhaseCode="PH23">0.001596</Phase><Phase PhaseCode="PH24">2.6024E-4</Phase><Phase PhaseCode="PH25">0.0</Phase><Phase PhaseCode="PH26">-0.32623</Phase><Phase PhaseCode="PH99">0.547</Phase></Phases></Indicator><Indicator IndicatorCode="IND39"><Phases><Phase PhaseCode="PH14">90.108</Phase><Phase PhaseCode="PH28">0.0</Phase><Phase PhaseCode="PH27">596.97</Phase><Phase PhaseCode="PH11">14.36</Phase><Phase PhaseCode="PH12">0.018003</Phase><Phase PhaseCode="PH13">90.09</Phase><Phase PhaseCode="PH15">0.0</Phase><Phase PhaseCode="PH22">0.18664</Phase><Phase PhaseCode="PH23">0.013501</Phase><Phase PhaseCode="PH24">0.007581</Phase><Phase PhaseCode="PH25">596.76</Phase><Phase PhaseCode="PH26">-1.5126</Phase><Phase PhaseCode="PH99">701.44</Phase></Phases></Indicator><Indicator IndicatorCode="IND40"><Phases><Phase PhaseCode="PH14">0.0023735</Phase><Phase PhaseCode="PH28">0.0</Phase><Phase PhaseCode="PH27">0.00286</Phase><Phase PhaseCode="PH11">0.0085266</Phase><Phase PhaseCode="PH12">0.0015157</Phase><Phase PhaseCode="PH13">8.5781E-4</Phase><Phase PhaseCode="PH15">0.0</Phase><Phase PhaseCode="PH22">0.0015381</Phase><Phase PhaseCode="PH23">0.0011367</Phase><Phase PhaseCode="PH24">1.8519E-4</Phase><Phase PhaseCode="PH25">0.0</Phase><Phase PhaseCode="PH26">-0.0011067</Phase><Phase PhaseCode="PH99">0.01376</Phase></Phases></Indicator><Indicator IndicatorCode="IND41"><Phases><Phase PhaseCode="PH14">0.0</Phase><Phase PhaseCode="PH28">0.0</Phase><Phase PhaseCode="PH27">0.0</Phase><Phase PhaseCode="PH11">0.0</Phase><Phase PhaseCode="PH12">0.0</Phase><Phase PhaseCode="PH13">0.0</Phase><Phase PhaseCode="PH15">0.0</Phase><Phase PhaseCode="PH22">0.0</Phase><Phase PhaseCode="PH23">0.0</Phase><Phase PhaseCode="PH24">0.0</Phase><Phase PhaseCode="PH25">0.0</Phase><Phase PhaseCode="PH26">0.0</Phase><Phase PhaseCode="PH99">0.0</Phase></Phases></Indicator><Indicator IndicatorCode="IND42"><Phases><Phase PhaseCode="PH14">53.741</Phase><Phase PhaseCode="PH28">0.0</Phase><Phase PhaseCode="PH27">1790.3</Phase><Phase PhaseCode="PH11">1.0718</Phase><Phase PhaseCode="PH12">9.787E-5</Phase><Phase PhaseCode="PH13">53.741</Phase><Phase PhaseCode="PH15">0.0</Phase><Phase PhaseCode="PH22">0.0</Phase><Phase PhaseCode="PH23">7.3394E-5</Phase><Phase PhaseCode="PH24">1790.3</Phase><Phase PhaseCode="PH25">0.0</Phase><Phase PhaseCode="PH26">1789.3</Phase><Phase PhaseCode="PH99">1845.1</Phase></Phases></Indicator><Indicator IndicatorCode="IND43"><Phases><Phase PhaseCode="PH14">7.9287E-7</Phase><Phase PhaseCode="PH28">0.0</Phase><Phase PhaseCode="PH27">4.973E-8</Phase><Phase PhaseCode="PH11">4.179E-6</Phase><Phase PhaseCode="PH12">5.7467E-8</Phase><Phase PhaseCode="PH13">7.354E-7</Phase><Phase PhaseCode="PH15">0.0</Phase><Phase PhaseCode="PH22">0.0</Phase><Phase PhaseCode="PH23">4.3095E-8</Phase><Phase PhaseCode="PH24">6.6349E-9</Phase><Phase PhaseCode="PH25">0.0</Phase><Phase PhaseCode="PH26">6.6349E-9</Phase><Phase PhaseCode="PH99">5.0216E-6</Phase></Phases></Indicator></Indicators><ParentEPDSerialId xmlns=""/></EPDC>