<?xml version="1.0" encoding="UTF-8"?><EPDC><EPDCId>231281_3.1.6_135</EPDCId><Name>Dalle portée- JV - 65kg/m3 - XC2 -CEMIIIA</Name><ConfiguratorName>Betie</ConfiguratorName><ConfiguratorCode>1001</ConfiguratorCode><ConfiguratorVersion>3.1.6_135</ConfiguratorVersion><PublicAddress>www.betie.fr</PublicAddress><ParentDataBase>0</ParentDataBase><ParentEPDId>0</ParentEPDId><TLD>100</TLD><Quantity>1</Quantity><UnitId>2</UnitId><FunctionalUnit>Assurer la fonction de plancher haut, sur une épaisseur de 1 mètre sur une surface d'1m², dont la DVT est de 100 ans.</FunctionalUnit><Standard>2</Standard><ProductionDate>2024-09-09</ProductionDate><Parameters><Parameter><ParameterId>1</ParameterId><Name>Classe de résistance</Name><Value>40</Value><ParamUnitId>39</ParamUnitId></Parameter><Parameter><ParameterId>2</ParameterId><Name>Classe d'exposition</Name><Value>XC2</Value><ParamUnitId>27</ParamUnitId></Parameter><Parameter><ParameterId>3</ParameterId><Name>Type de ciment</Name><Value>CEM III/A</Value><ParamUnitId>27</ParamUnitId></Parameter><Parameter><ParameterId>5</ParameterId><Name>Classe de résistance du ciment</Name><Value>52.5</Value><ParamUnitId>27</ParamUnitId></Parameter><Parameter><ParameterId>6</ParameterId><Name>Dmax</Name><Value>20</Value><ParamUnitId>43</ParamUnitId></Parameter><Parameter><ParameterId>7</ParameterId><Name>Consistance</Name><Value>S3</Value><ParamUnitId>27</ParamUnitId></Parameter><Parameter><ParameterId>8</ParameterId><Name>Type de gravier majoritaire</Name><Value>Graviers Massifs</Value><ParamUnitId>27</ParamUnitId></Parameter><Parameter><ParameterId>9</ParameterId><Name>Type de sable majoritaire</Name><Value>Sables Alluvionnaires</Value><ParamUnitId>27</ParamUnitId></Parameter><Parameter><ParameterId>10</ParameterId><Name>Type d'eau consommée en centrale</Name><Value>Eau recyclée</Value><ParamUnitId>27</ParamUnitId></Parameter><Parameter><ParameterId>11</ParameterId><Name>Présence de fibres</Name><Value>Non</Value><ParamUnitId>27</ParamUnitId></Parameter><Parameter><ParameterId>110</ParameterId><Name>Transport du béton par route</Name><Value>0.0</Value><ParamUnitId>37</ParamUnitId></Parameter><Parameter><ParameterId>111</ParameterId><Name>Type de projet</Name><Value>Projet identifié</Value><ParamUnitId>27</ParamUnitId></Parameter><Parameter><ParameterId>112</ParameterId><Name>Type d'ouvrage</Name><Value>Dalle pleine</Value><ParamUnitId>27</ParamUnitId></Parameter><Parameter><ParameterId>113</ParameterId><Name>Epaisseur</Name><Value>1.0</Value><ParamUnitId>5</ParamUnitId></Parameter><Parameter><ParameterId>117</ParameterId><Name>Déversement direct</Name><Value>0.0</Value><ParamUnitId>12</ParamUnitId></Parameter><Parameter><ParameterId>118</ParameterId><Name>Benne à béton</Name><Value>100.0</Value><ParamUnitId>12</ParamUnitId></Parameter><Parameter><ParameterId>119</ParameterId><Name>Pompage/Tapis</Name><Value>0.0</Value><ParamUnitId>12</ParamUnitId></Parameter><Parameter><ParameterId>120</ParameterId><Name>Quantité d'acier pour les armatures</Name><Value>65.0</Value><ParamUnitId>3</ParamUnitId></Parameter></Parameters><Indicators><Indicator IndicatorCode="IND19"><Phases><Phase PhaseCode="PH14">97.956</Phase><Phase PhaseCode="PH28">-0.37941</Phase><Phase PhaseCode="PH27">4.2508</Phase><Phase PhaseCode="PH11">184.91</Phase><Phase PhaseCode="PH12">7.327</Phase><Phase PhaseCode="PH13">90.629</Phase><Phase PhaseCode="PH15">-0.37941</Phase><Phase PhaseCode="PH22">14.514</Phase><Phase PhaseCode="PH23">5.4739</Phase><Phase PhaseCode="PH24">0.90688</Phase><Phase PhaseCode="PH25">-16.644</Phase><Phase PhaseCode="PH26">-15.056</Phase><Phase PhaseCode="PH99">286.74</Phase></Phases></Indicator><Indicator IndicatorCode="IND20"><Phases><Phase PhaseCode="PH14">7.5893E-6</Phase><Phase PhaseCode="PH28">0.0</Phase><Phase PhaseCode="PH27">7.343E-6</Phase><Phase PhaseCode="PH11">1.3187E-5</Phase><Phase PhaseCode="PH12">5.3172E-6</Phase><Phase PhaseCode="PH13">2.2721E-6</Phase><Phase PhaseCode="PH15">0.0</Phase><Phase PhaseCode="PH22">2.7248E-6</Phase><Phase PhaseCode="PH23">3.9724E-6</Phase><Phase PhaseCode="PH24">6.4582E-7</Phase><Phase PhaseCode="PH25">0.0</Phase><Phase PhaseCode="PH26">-4.4729E-7</Phase><Phase PhaseCode="PH99">2.8119E-5</Phase></Phases></Indicator><Indicator IndicatorCode="IND21"><Phases><Phase PhaseCode="PH14">0.27579</Phase><Phase PhaseCode="PH28">0.0</Phase><Phase PhaseCode="PH27">0.14369</Phase><Phase PhaseCode="PH11">0.43442</Phase><Phase PhaseCode="PH12">0.033643</Phase><Phase PhaseCode="PH13">0.24215</Phase><Phase PhaseCode="PH15">0.0</Phase><Phase PhaseCode="PH22">0.11196</Phase><Phase PhaseCode="PH23">0.025134</Phase><Phase PhaseCode="PH24">0.0065975</Phase><Phase PhaseCode="PH25">0.0</Phase><Phase PhaseCode="PH26">-0.041374</Phase><Phase PhaseCode="PH99">0.8539</Phase></Phases></Indicator><Indicator IndicatorCode="IND22"><Phases><Phase PhaseCode="PH14">0.032269</Phase><Phase PhaseCode="PH28">0.0</Phase><Phase PhaseCode="PH27">0.031516</Phase><Phase PhaseCode="PH11">0.069103</Phase><Phase PhaseCode="PH12">0.0079072</Phase><Phase PhaseCode="PH13">0.024362</Phase><Phase PhaseCode="PH15">0.0</Phase><Phase PhaseCode="PH22">0.024181</Phase><Phase PhaseCode="PH23">0.0059074</Phase><Phase PhaseCode="PH24">0.0014226</Phase><Phase PhaseCode="PH25">4.9414E-6</Phase><Phase PhaseCode="PH26">-0.0077456</Phase><Phase PhaseCode="PH99">0.13289</Phase></Phases></Indicator><Indicator IndicatorCode="IND23"><Phases><Phase PhaseCode="PH14">0.048899</Phase><Phase PhaseCode="PH28">0.0</Phase><Phase PhaseCode="PH27">0.0068024</Phase><Phase PhaseCode="PH11">0.029762</Phase><Phase PhaseCode="PH12">0.0052458</Phase><Phase PhaseCode="PH13">0.043653</Phase><Phase PhaseCode="PH15">0.0</Phase><Phase PhaseCode="PH22">0.0026736</Phase><Phase PhaseCode="PH23">0.0039191</Phase><Phase PhaseCode="PH24">2.097E-4</Phase><Phase PhaseCode="PH25">0.0</Phase><Phase PhaseCode="PH26">-0.0079098</Phase><Phase PhaseCode="PH99">0.085463</Phase></Phases></Indicator><Indicator IndicatorCode="IND24"><Phases><Phase PhaseCode="PH14">3.8554E-6</Phase><Phase PhaseCode="PH28">0.0</Phase><Phase PhaseCode="PH27">5.7626E-8</Phase><Phase PhaseCode="PH11">4.6856E-5</Phase><Phase PhaseCode="PH12">1.0393E-8</Phase><Phase PhaseCode="PH13">3.845E-6</Phase><Phase PhaseCode="PH15">0.0</Phase><Phase PhaseCode="PH22">4.8226E-8</Phase><Phase PhaseCode="PH23">7.7645E-9</Phase><Phase PhaseCode="PH24">1.6357E-9</Phase><Phase PhaseCode="PH25">0.0</Phase><Phase PhaseCode="PH26">-1.8721E-5</Phase><Phase PhaseCode="PH99">5.0769E-5</Phase></Phases></Indicator><Indicator IndicatorCode="IND25"><Phases><Phase PhaseCode="PH14">1158.8</Phase><Phase PhaseCode="PH28">0.0</Phase><Phase PhaseCode="PH27">289.32</Phase><Phase PhaseCode="PH11">945.07</Phase><Phase PhaseCode="PH12">93.64</Phase><Phase PhaseCode="PH13">1065.2</Phase><Phase PhaseCode="PH15">0.0</Phase><Phase PhaseCode="PH22">207.62</Phase><Phase PhaseCode="PH23">69.957</Phase><Phase PhaseCode="PH24">11.74</Phase><Phase PhaseCode="PH25">0.0</Phase><Phase PhaseCode="PH26">-174.31</Phase><Phase PhaseCode="PH99">2393.2</Phase></Phases></Indicator><Indicator IndicatorCode="IND27"><Phases><Phase PhaseCode="PH14">96.307</Phase><Phase PhaseCode="PH28">0.0</Phase><Phase PhaseCode="PH27">1614.3</Phase><Phase PhaseCode="PH11">162.78</Phase><Phase PhaseCode="PH12">2.088</Phase><Phase PhaseCode="PH13">94.219</Phase><Phase PhaseCode="PH15">0.0</Phase><Phase PhaseCode="PH22">1612.7</Phase><Phase PhaseCode="PH23">1.5599</Phase><Phase PhaseCode="PH24">0.0</Phase><Phase PhaseCode="PH25">0.0</Phase><Phase PhaseCode="PH26">-2.3967</Phase><Phase PhaseCode="PH99">1873.3</Phase></Phases></Indicator><Indicator IndicatorCode="IND26"><Phases><Phase PhaseCode="PH14">11975.0</Phase><Phase PhaseCode="PH28">0.0</Phase><Phase PhaseCode="PH27">354.46</Phase><Phase PhaseCode="PH11">4263.8</Phase><Phase PhaseCode="PH12">467.14</Phase><Phase PhaseCode="PH13">11508.0</Phase><Phase PhaseCode="PH15">0.0</Phase><Phase PhaseCode="PH22">5.4705</Phase><Phase PhaseCode="PH23">348.99</Phase><Phase PhaseCode="PH24">0.0</Phase><Phase PhaseCode="PH25">0.0</Phase><Phase PhaseCode="PH26">-5045.4</Phase><Phase PhaseCode="PH99">16593.0</Phase></Phases></Indicator><Indicator IndicatorCode="IND28"><Phases><Phase PhaseCode="PH14">2.4597</Phase><Phase PhaseCode="PH28">0.0</Phase><Phase PhaseCode="PH27">0.44892</Phase><Phase PhaseCode="PH11">33.796</Phase><Phase PhaseCode="PH12">0.052795</Phase><Phase PhaseCode="PH13">2.4069</Phase><Phase PhaseCode="PH15">0.0</Phase><Phase PhaseCode="PH22">0.40517</Phase><Phase PhaseCode="PH23">0.039442</Phase><Phase PhaseCode="PH24">0.0043082</Phase><Phase PhaseCode="PH25">0.0</Phase><Phase PhaseCode="PH26">-4.6601</Phase><Phase PhaseCode="PH99">36.705</Phase></Phases></Indicator><Indicator IndicatorCode="IND29"><Phases><Phase PhaseCode="PH14">0.0015914</Phase><Phase PhaseCode="PH28">0.0</Phase><Phase PhaseCode="PH27">0.0</Phase><Phase PhaseCode="PH11">0.0091326</Phase><Phase PhaseCode="PH12">0.0</Phase><Phase PhaseCode="PH13">0.0015914</Phase><Phase PhaseCode="PH15">0.0</Phase><Phase PhaseCode="PH22">0.0</Phase><Phase PhaseCode="PH23">0.0</Phase><Phase PhaseCode="PH24">0.0</Phase><Phase PhaseCode="PH25">0.0</Phase><Phase PhaseCode="PH26">0.0</Phase><Phase PhaseCode="PH99">0.010724</Phase></Phases></Indicator><Indicator IndicatorCode="IND30"><Phases><Phase PhaseCode="PH14">2.4613</Phase><Phase PhaseCode="PH28">0.0</Phase><Phase PhaseCode="PH27">0.44892</Phase><Phase PhaseCode="PH11">33.805</Phase><Phase PhaseCode="PH12">0.052795</Phase><Phase PhaseCode="PH13">2.4085</Phase><Phase PhaseCode="PH15">0.0</Phase><Phase PhaseCode="PH22">0.40517</Phase><Phase PhaseCode="PH23">0.039442</Phase><Phase PhaseCode="PH24">0.0043082</Phase><Phase PhaseCode="PH25">0.0</Phase><Phase PhaseCode="PH26">-4.6601</Phase><Phase PhaseCode="PH99">36.715</Phase></Phases></Indicator><Indicator IndicatorCode="IND31"><Phases><Phase PhaseCode="PH14">1099.1</Phase><Phase PhaseCode="PH28">0.0</Phase><Phase PhaseCode="PH27">308.47</Phase><Phase PhaseCode="PH11">1542.7</Phase><Phase PhaseCode="PH12">95.158</Phase><Phase PhaseCode="PH13">1003.9</Phase><Phase PhaseCode="PH15">0.0</Phase><Phase PhaseCode="PH22">225.56</Phase><Phase PhaseCode="PH23">71.091</Phase><Phase PhaseCode="PH24">11.822</Phase><Phase PhaseCode="PH25">0.0</Phase><Phase PhaseCode="PH26">-225.36</Phase><Phase PhaseCode="PH99">2950.2</Phase></Phases></Indicator><Indicator IndicatorCode="IND32"><Phases><Phase PhaseCode="PH14">0.46038</Phase><Phase PhaseCode="PH28">0.0</Phase><Phase PhaseCode="PH27">0.032909</Phase><Phase PhaseCode="PH11">14.767</Phase><Phase PhaseCode="PH12">0.0</Phase><Phase PhaseCode="PH13">0.46038</Phase><Phase PhaseCode="PH15">0.0</Phase><Phase PhaseCode="PH22">0.0</Phase><Phase PhaseCode="PH23">0.0</Phase><Phase PhaseCode="PH24">0.032909</Phase><Phase PhaseCode="PH25">0.0</Phase><Phase PhaseCode="PH26">0.032909</Phase><Phase PhaseCode="PH99">15.26</Phase></Phases></Indicator><Indicator IndicatorCode="IND33"><Phases><Phase PhaseCode="PH14">1099.5</Phase><Phase PhaseCode="PH28">0.0</Phase><Phase PhaseCode="PH27">308.51</Phase><Phase PhaseCode="PH11">1557.5</Phase><Phase PhaseCode="PH12">95.158</Phase><Phase PhaseCode="PH13">1004.3</Phase><Phase PhaseCode="PH15">0.0</Phase><Phase PhaseCode="PH22">225.56</Phase><Phase PhaseCode="PH23">71.091</Phase><Phase PhaseCode="PH24">11.855</Phase><Phase PhaseCode="PH25">0.0</Phase><Phase PhaseCode="PH26">-225.32</Phase><Phase PhaseCode="PH99">2965.5</Phase></Phases></Indicator><Indicator IndicatorCode="IND34"><Phases><Phase PhaseCode="PH14">45.8</Phase><Phase PhaseCode="PH28">0.0</Phase><Phase PhaseCode="PH27">0.0014058</Phase><Phase PhaseCode="PH11">13.707</Phase><Phase PhaseCode="PH12">1.4024E-6</Phase><Phase PhaseCode="PH13">45.8</Phase><Phase PhaseCode="PH15">0.0</Phase><Phase PhaseCode="PH22">0.0</Phase><Phase PhaseCode="PH23">1.0477E-6</Phase><Phase PhaseCode="PH24">0.0014048</Phase><Phase PhaseCode="PH25">0.0</Phase><Phase PhaseCode="PH26">-34.172</Phase><Phase PhaseCode="PH99">59.508</Phase></Phases></Indicator><Indicator IndicatorCode="IND35"><Phases><Phase PhaseCode="PH14">3.0675</Phase><Phase PhaseCode="PH28">0.0</Phase><Phase PhaseCode="PH27">0.0</Phase><Phase PhaseCode="PH11">102.25</Phase><Phase PhaseCode="PH12">0.0</Phase><Phase PhaseCode="PH13">3.0675</Phase><Phase PhaseCode="PH15">0.0</Phase><Phase PhaseCode="PH22">0.0</Phase><Phase PhaseCode="PH23">0.0</Phase><Phase PhaseCode="PH24">0.0</Phase><Phase PhaseCode="PH25">0.0</Phase><Phase PhaseCode="PH26">0.0</Phase><Phase PhaseCode="PH99">105.32</Phase></Phases></Indicator><Indicator IndicatorCode="IND36"><Phases><Phase PhaseCode="PH14">4.5361</Phase><Phase PhaseCode="PH28">0.0</Phase><Phase PhaseCode="PH27">0.0</Phase><Phase PhaseCode="PH11">151.2</Phase><Phase PhaseCode="PH12">0.0</Phase><Phase PhaseCode="PH13">4.5361</Phase><Phase PhaseCode="PH15">0.0</Phase><Phase PhaseCode="PH22">0.0</Phase><Phase PhaseCode="PH23">0.0</Phase><Phase PhaseCode="PH24">0.0</Phase><Phase PhaseCode="PH25">0.0</Phase><Phase PhaseCode="PH26">0.0</Phase><Phase PhaseCode="PH99">155.74</Phase></Phases></Indicator><Indicator IndicatorCode="IND37"><Phases><Phase PhaseCode="PH14">0.95109</Phase><Phase PhaseCode="PH28">0.0</Phase><Phase PhaseCode="PH27">0.021104</Phase><Phase PhaseCode="PH11">1.0883</Phase><Phase PhaseCode="PH12">0.0092737</Phase><Phase PhaseCode="PH13">0.94182</Phase><Phase PhaseCode="PH15">0.0</Phase><Phase PhaseCode="PH22">0.012877</Phase><Phase PhaseCode="PH23">0.0069282</Phase><Phase PhaseCode="PH24">0.0012989</Phase><Phase PhaseCode="PH25">0.0</Phase><Phase PhaseCode="PH26">-0.75417</Phase><Phase PhaseCode="PH99">2.0605</Phase></Phases></Indicator><Indicator IndicatorCode="IND38"><Phases><Phase PhaseCode="PH14">0.020609</Phase><Phase PhaseCode="PH28">0.0</Phase><Phase PhaseCode="PH27">0.0093381</Phase><Phase PhaseCode="PH11">0.57153</Phase><Phase PhaseCode="PH12">0.0021282</Phase><Phase PhaseCode="PH13">0.018481</Phase><Phase PhaseCode="PH15">0.0</Phase><Phase PhaseCode="PH22">0.0074889</Phase><Phase PhaseCode="PH23">0.0015899</Phase><Phase PhaseCode="PH24">2.5926E-4</Phase><Phase PhaseCode="PH25">0.0</Phase><Phase PhaseCode="PH26">-0.325</Phase><Phase PhaseCode="PH99">0.60148</Phase></Phases></Indicator><Indicator IndicatorCode="IND39"><Phases><Phase PhaseCode="PH14">89.934</Phase><Phase PhaseCode="PH28">0.0</Phase><Phase PhaseCode="PH27">594.72</Phase><Phase PhaseCode="PH11">19.736</Phase><Phase PhaseCode="PH12">0.018003</Phase><Phase PhaseCode="PH13">89.916</Phase><Phase PhaseCode="PH15">0.0</Phase><Phase PhaseCode="PH22">0.18664</Phase><Phase PhaseCode="PH23">0.01345</Phase><Phase PhaseCode="PH24">0.0075525</Phase><Phase PhaseCode="PH25">594.51</Phase><Phase PhaseCode="PH26">-1.5069</Phase><Phase PhaseCode="PH99">704.39</Phase></Phases></Indicator><Indicator IndicatorCode="IND40"><Phases><Phase PhaseCode="PH14">0.0024978</Phase><Phase PhaseCode="PH28">0.0</Phase><Phase PhaseCode="PH27">0.002855</Phase><Phase PhaseCode="PH11">0.012643</Phase><Phase PhaseCode="PH12">0.0015157</Phase><Phase PhaseCode="PH13">9.8214E-4</Phase><Phase PhaseCode="PH15">0.0</Phase><Phase PhaseCode="PH22">0.0015381</Phase><Phase PhaseCode="PH23">0.0011324</Phase><Phase PhaseCode="PH24">1.8449E-4</Phase><Phase PhaseCode="PH25">0.0</Phase><Phase PhaseCode="PH26">-0.0011026</Phase><Phase PhaseCode="PH99">0.017996</Phase></Phases></Indicator><Indicator IndicatorCode="IND41"><Phases><Phase PhaseCode="PH14">0.0</Phase><Phase PhaseCode="PH28">0.0</Phase><Phase PhaseCode="PH27">0.0</Phase><Phase PhaseCode="PH11">0.0</Phase><Phase PhaseCode="PH12">0.0</Phase><Phase PhaseCode="PH13">0.0</Phase><Phase PhaseCode="PH15">0.0</Phase><Phase PhaseCode="PH22">0.0</Phase><Phase PhaseCode="PH23">0.0</Phase><Phase PhaseCode="PH24">0.0</Phase><Phase PhaseCode="PH25">0.0</Phase><Phase PhaseCode="PH26">0.0</Phase><Phase PhaseCode="PH99">0.0</Phase></Phases></Indicator><Indicator IndicatorCode="IND42"><Phases><Phase PhaseCode="PH14">53.538</Phase><Phase PhaseCode="PH28">0.0</Phase><Phase PhaseCode="PH27">1783.5</Phase><Phase PhaseCode="PH11">1.0298</Phase><Phase PhaseCode="PH12">9.787E-5</Phase><Phase PhaseCode="PH13">53.538</Phase><Phase PhaseCode="PH15">0.0</Phase><Phase PhaseCode="PH22">0.0</Phase><Phase PhaseCode="PH23">7.3117E-5</Phase><Phase PhaseCode="PH24">1783.5</Phase><Phase PhaseCode="PH25">0.0</Phase><Phase PhaseCode="PH26">1782.6</Phase><Phase PhaseCode="PH99">1838.1</Phase></Phases></Indicator><Indicator IndicatorCode="IND43"><Phases><Phase PhaseCode="PH14">7.9463E-7</Phase><Phase PhaseCode="PH28">0.0</Phase><Phase PhaseCode="PH27">4.9543E-8</Phase><Phase PhaseCode="PH11">4.2378E-6</Phase><Phase PhaseCode="PH12">5.7467E-8</Phase><Phase PhaseCode="PH13">7.3716E-7</Phase><Phase PhaseCode="PH15">0.0</Phase><Phase PhaseCode="PH22">0.0</Phase><Phase PhaseCode="PH23">4.2933E-8</Phase><Phase PhaseCode="PH24">6.6098E-9</Phase><Phase PhaseCode="PH25">0.0</Phase><Phase PhaseCode="PH26">6.6098E-9</Phase><Phase PhaseCode="PH99">5.082E-6</Phase></Phases></Indicator></Indicators><ParentEPDSerialId xmlns=""/></EPDC>